Ticker,Company,Exchange,Market Cap
A,Agilent Technologies,NYSE,43564658688.0
AA,Alcoa Inc.,NYSE,8889996288.0
AAT,American Assets Trust,NYSE,1910890240.0
AB,Alliance Capital Management L.P.,NYSE,4563489792.0
ABBV,Abbvie Inc. Common Stock,NYSE,312660066304.0
ABM,Abm Industries Incorporated,NYSE,3310775808.0
ABR,Arbor Realty Trust,NYSE,2520759040.0
ABT,Abbot Laboratories,NYSE,224439123968.0
ACI,Arch Coal,NYSE,11526746112.0
ACM,Aecom Technology Corp.,NYSE,14168498176.0
ACN,Accenture Plc.,NYSE,238686306304.0
ACP,Avenue Income Credit Strategies,NYSE,750943936.0
ACRE,Ares Commercial Real Estate Cor,NYSE,315526624.0
ACT,Actavis Inc.,NYSE,5241224192.0
ADC,Agree Realty Corp.,NYSE,8105481728.0
ADM,Archer-Daniels-Midland Company,NYSE,24730638336.0
ADT,Adt Corporation Common Stock W,NYSE,6776153600.0
ADX,Adams Express Company,NYSE,2294334720.0
AEE,Ameren Corp.,NYSE,24880359424.0
AEF,Aegon Nv,NYSE,271014624.0
AEG,Aegon Nv,NYSE,10723883008.0
AEM,Agnico-Eagle Mines Limited,NYSE,44775436288.0
AEO,American Eagle Outfitters,NYSE,3245563392.0
AEP,American Electric Power Company,NYSE,53799714816.0
AER,Aercap Holdings N.V.,NYSE,18185717760.0
AES,The Aes Corp.,NYSE,7735973888.0
AFB,Alliance National Municipal,NYSE,317113728.0
AFG,American Financial Group  ,NYSE,11648824320.0
AFL,Aflac Incorporated,NYSE,60135907328.0
AG,First Majestic Silver,NYSE,2462121728.0
AGCO,Agco Corp.,NYSE,7871346176.0
AGD,Alpine Global Dynamic Dividend Fund,NYSE,251386160.0
AGI,Alamos Gold Inc.,NYSE,8535926784.0
AGM,Federal Agricultural Mortgage Corp.,NYSE,2091556736.0
AGM-A,Federal Agricultural Mortgage  ,NYSE,2121201664.0
AGO,Assured Guaranty Ltd,NYSE,4833540096.0
AGRO,Adecoagro S.A.,NYSE,946355264.0
AHH,Armada Hoffler Properties Inc.,NYSE,1005491200.0
AHT-PD,Ashford Hospitality Trust Inc 8,NYSE,236328000.0
AI,Arlington Asset Investment Corp,NYSE,4201065728.0
AIG,American International Group,NYSE,47468822528.0
AIN,Albany International Corp.,NYSE,2528727040.0
AIR,Aar ,NYSE,2511148800.0
AIT,Applied Industrial Technologies,NYSE,9763104768.0
AIV,Apartment Investment And Management,NYSE,1270714624.0
AIZ,Assurant,NYSE,11110389760.0
AJG,Arthur J. Gallagher & Co.,NYSE,73735602176.0
AKR,Acadia Realty Trust,NYSE,3087855360.0
AL,Air Lease Corporation Class A C,NYSE,5159227904.0
ALB,Albemarle Corp.,NYSE,10163189760.0
ALE,Allete,NYSE,3784253440.0
ALEX,Alexander And Baldwin Inc,NYSE,1313653120.0
ALG,Alamo Group,NYSE,2293348608.0
ALK,Alaska Air Group,NYSE,8777153536.0
ALL,Allstate Corporation,NYSE,50863362048.0
ALSN,Allison Transmission Holdings,NYSE,10040449024.0
ALV,Autoliv,NYSE,7846630912.0
ALX,Alexander's,NYSE,975530752.0
AM,American Greetings Corp.,NYSE,7513419776.0
AMD,Advanced Micro Devices,NYSE,185260146688.0
AME,Amtek,NYSE,42336301056.0
AMG,Affiliated Managers Group  ,NYSE,5711153152.0
AMH,American Homes 4 Rent,NYSE,14773027840.0
AMP,Ameriprise Financial Services,NYSE,55349743616.0
AMRC,Ameresco Inc,NYSE,1140106496.0
AMT,American Tower Corp.,NYSE,87686774784.0
AMTD,TD Ameritrade Holding Corp.,NYSE,1051232384.0
AMX,American Movil S.A.B. De C.V.,NYSE,43308240896.0
AN,Autonation,NYSE,7408288768.0
ANF,Abercrombie & Fitch Company,NYSE,6055805952.0
AOD,Alpine Total Dynamic Dividend,NYSE,912505280.0
AON,Aon Plc,NYSE,80838066176.0
AOS,Smith [A.O.] Corp.,NYSE,10196048896.0
AP,Ampco-Pittsburgh Corp.,NYSE,50436692.0
APA,Apache Corp.,NYSE,8586469888.0
APAM,Artisan Partners Asset Manageme,NYSE,3148905472.0
APD,Air Products And Chemicals,NYSE,72819113984.0
APH,Amphenol Corp.,NYSE,82126151680.0
APO,Apollo Global Management LLc C,NYSE,95628558336.0
ARDC,Ares Dynamic Credit Allocation,NYSE,346703968.0
ARE,Alexandria Real Estate Equities,NYSE,17203570688.0
ARI,Apollo Commercial Real Estate,NYSE,1258774272.0
ARL,American Realty Investors,NYSE,241149360.0
ARR,Armour Residential R,NYSE,1039650816.0
ARW,Arrow Electronics,NYSE,6115737600.0
ASA,Asa Gold And Precious Metals,NYSE,431165984.0
ASC,Ardmore Shipping Corporation,NYSE,473048384.0
ASG,Liberty All-Star Growth Fund,NYSE,346195488.0
ASGN,On Assignment,NYSE,4210050048.0
ASH,Ashland Inc.,NYSE,3381183488.0
ASR,Grupo Aeroporuario Del Sureste,NYSE,8028369920.0
ASX,Advanced Semiconductor Engineering,NYSE,21177389056.0
ATI,Allagheny Technologies Inc.,NYSE,8162033152.0
ATO,Atmos Energy Llc,NYSE,22042724352.0
ATR,Aptargroup,NYSE,10625967104.0
AU,Anglogold Ashanti Ltd,NYSE,13929743360.0
AVA,Avista Corp.,NYSE,2890172160.0
AVB,Avalonbay Communities,NYSE,31376058368.0
AVD,American Vanguard Corp.,NYSE,167545008.0
AVK,Advent Claymore Convertible Securities,NYSE,536406688.0
AVT,Avnet,NYSE,4557447168.0
AVY,Avery Dennison Corp.,NYSE,15625767936.0
AWF,Alliance World Dollar Fund II,NYSE,935161088.0
AWI,Armstrong World Industries Inc,NYSE,6528422400.0
AWK,American Water Works,NYSE,24715483136.0
AWP,Alpine Global Premier Propertie,NYSE,341232768.0
AWR,American States Water Company,NYSE,2854610944.0
AXL,American Axle & Manufacturing,NYSE,682557696.0
AXP,American Express Company,NYSE,221761798144.0
AXR,Amrep Corp.,NYSE,155451024.0
AXS,Axis Capital Holdings,NYSE,7597165568.0
AYI,Acuity Brands Inc,NYSE,10139325440.0
AZN,Astrazeneca Plc,NYSE,216704172032.0
AZO,Autozone,NYSE,56327274496.0
AZZ,Azz Inc.,NYSE,2551641088.0
BCC,Boise Cascade L.L.C. Common ST,NYSE,4915788800.0
BCE,Bce,NYSE,21999704064.0
BCH,Banco De Chile,NYSE,12226844672.0
BCO,Brink's Company,NYSE,4156094464.0
BCS,Barclays Plc,NYSE,52177166336.0
BCX,Blackrock Resources Common Shar,NYSE,730562816.0
BDC,Belden Inc,NYSE,4614103552.0
BDJ,Blackrock Enhanced Dividend Achievers,NYSE,1589782400.0
BDN,Brandywine Realty Trust,NYSE,935182848.0
BDX,Becton Dickinson And Company,NYSE,72594800640.0
BEAM,Beam Inc,NYSE,2085044992.0
BEN,Franklin Resources,NYSE,10801909760.0
BEP,Brookfield Renewable,NYSE,13525736448.0
BERY,Berry Plastics Group Inc.,NYSE,8016347136.0
BFAM,Bright Horizons Family Solutions Inc.,NYSE,7050058240.0
BFK,Blackrock Florida Muni 2020 Trust,NYSE,441179296.0
BFS,Saul Centers,NYSE,1284737664.0
BFZ,Blackrock California Muni Trust,NYSE,337614208.0
BG,Bunge Limited,NYSE,10920227840.0
BGB,Blackstone / Gso Strategic Cre,NYSE,552096640.0
BGC,General Cable Corp.,NYSE,4604405248.0
BGH,Babson Capital Global Short Du,NYSE,319624320.0
BGR,Blackrock Energy And Resources Trust,NYSE,344318976.0
BGS,B&G Foods Holdings,NYSE,533564704.0
BGT,Blackrock Global,NYSE,286415936.0
BGX,Blacstone Gso Long Short Credit Fund,NYSE,161494528.0
BGY,Blackrock International,NYSE,527229376.0
BH,Biglari Holdings Inc.,NYSE,687010944.0
BHE,Benchmark Electronics,NYSE,1551466368.0
BHK,Blackrock Core Trust,NYSE,565680192.0
BHLB,Berkshire Hills Bancorp,NYSE,1230394240.0
BHP,Bhp Billiton Limited,NYSE,123271184384.0
BIO,Bio-Rad Laboratories,NYSE,10368244736.0
BIOA,Bioamber Inc.,NYSE,188564176.0
BIP,Brookfield Infrastructure Partners Lp,NYSE,15155323904.0
BIT,Blackrock Multi-Sector Income T,NYSE,568727616.0
BK,Bank Of New York Mellon Corp.,NYSE,61978845184.0
BKD,Brookdale Senior Living Inc.,NYSE,1002041408.0
BKE,Buckle,NYSE,2432572672.0
BKH,Black Hills Corp.,NYSE,4233197056.0
BKN,Blackrock Investment Quality Municipal,NYSE,196834352.0
BKT,Blackrock Income Trust Inc.,NYSE,246958384.0
BKU,Bankunited,NYSE,3065431808.0
BLK,Blackrock,NYSE,161256931328.0
BLW,Blackrock Limited Duration Income Trust,NYSE,508510464.0
BLX,Banco Latinoamericano De Comercio,NYSE,1379746560.0
BMA,Banco Macro S.A.,NYSE,7054631424.0
BME,Blackrock Health Sciences Trust,NYSE,538836096.0
BMI,Badger Meter,NYSE,6093308416.0
BMO,Bank Of Montreal,NYSE,72966103040.0
BMR,Biomed Realty Trust,NYSE,56773276.0
BMY,Bristol-Myers Squibb Company,NYSE,120190353408.0
BNS,Bank Of Nova Scotia,NYSE,70917545984.0
BNY,Blackrock New York Muni Trust Inc.,NYSE,248406128.0
BOE,Blackrock Global,NYSE,669395136.0
BOH,Bank Of Hawaii Corp.,NYSE,2971774208.0
BP,Bp P.L.C.,NYSE,81921228800.0
BR,Broadridge Financial Solutions Llc,NYSE,28195790848.0
BRC,Brady Corp.,NYSE,3627069184.0
BRFS,Brf-Brasil Foods S.A.,NYSE,6134879232.0
BRO,Brown & Brown,NYSE,30292961280.0
BRT,Brt Realty Trust,NYSE,325343776.0
BRY,Berry Petroleum Company,NYSE,349303072.0
BSAC,Banco Santander-Chile Ads,NYSE,9362170880.0
BSBR,Banco Santander Brasil Sa,NYSE,32303833088.0
BSL,Blackstone Gso Senior Floating Rate,NYSE,185761376.0
BSX,Boston Scientific Corp.,NYSE,151432347648.0
BTA,Blackrock Long-Term Muni Advantage Trust,NYSE,130905968.0
BTE,Baytex Energy Corp,NYSE,1936748032.0
BTO,John Hancock Bank And Thrift Fund,NYSE,736407488.0
BTT,Blackrock Municipal Target Term,NYSE,1370962816.0
BTU,Peabody Energy Corp.,NYSE,2230739968.0
BTZ,Blackrock Preferred,NYSE,998105472.0
BUD,Anheuser-Busch Inbev Sa,NYSE,95705341952.0
BUI,Blackrock Utility And Infrastr,NYSE,516884768.0
BVN,Compania Mina Beunaventura S.A.,NYSE,3170169088.0
BWA,Borgwarner Inc.,NYSE,7134540800.0
BWG,Legg Mason Bw Global Income Op,NYSE,139036096.0
BXC,Bluelinx Holdings Inc.,NYSE,911191616.0
BXMT,Blackstone Mortgage Trust Inc. CI A,NYSE,3141480192.0
BXP,Boston Properties,NYSE,12993472512.0
BYD,Boyd Gaming Corp.,NYSE,6787399168.0
BYM,Blackrock Muni Income Quality Trust,NYSE,287526624.0
BZ,Boise Inc,NYSE,6138700288.0
BZH,Beazer Homes USA,NYSE,865562880.0
C,Citigroup Inc.,NYSE,150627893248.0
CACI,Caci International,NYSE,9171003392.0
CAE,Cae Inc,NYSE,7695573504.0
CAF,Morgan Stanley China A Share Fun Inc.,NYSE,217308160.0
CAG,Conagra Foods,NYSE,12353041408.0
CAH,Cardinal Health,NYSE,31538745344.0
CALX,Calix Inc,NYSE,2481213184.0
CAT,Caterpillar,NYSE,189161816064.0
CATO,Cato Corp.,NYSE,73319944.0
CB,Chubb Corp.,NYSE,110882185216.0
CBL,Cbl & Associated Properties,NYSE,870051456.0
CBT,Cabot Corp.,NYSE,4805999616.0
CBU,Communitiy Bank System,NYSE,3483461376.0
CBZ,Cbiz,NYSE,4320676352.0
CCG,Campus Crest Communities,NYSE,71729880.0
CCI,Crown Castle International Corp.,NYSE,39487574016.0
CCJ,Cameco Corp.,NYSE,20836849664.0
CCK,Crown Cork & Seal Company,NYSE,10684334080.0
CCL,Carnival Corp.,NYSE,35983081472.0
CCO,Clear Channel Outdoor Holdings,NYSE,714053952.0
CCU,Compania Cervecerias Unidas S.A.,NYSE,2178214400.0
CCZ,Comcast Corp.,NYSE,59647324160.0
CDE,Coeur D'Alene Mines Corp.,NYSE,2412142080.0
CE,Celanese Corp.,NYSE,7984148480.0
CEE,Central Europe And Russia Fund,NYSE,82695240.0
CF,Cf Industries Holdings,NYSE,15694864384.0
CFR,Cullen/Frost Bankers,NYSE,9020151808.0
CHD,Church & Dwight Company,NYSE,26616582144.0
CHE,Chemed,NYSE,8387409408.0
CHH,Choice Hotels International,NYSE,6988719104.0
CHN,China Fund,NYSE,116214288.0
CHT,Chunghwa Telecom Co Ltd,NYSE,30463506432.0
CI,Cigna Corp.,NYSE,84408303616.0
CIA,Citizens,NYSE,233063824.0
CIB,Bancolombia S.A.,NYSE,8975767552.0
CIG,Comp En De Mn Cemig Ads,NYSE,5730907136.0
CII,Blackrock Capital And Income Strategies,NYSE,865363712.0
CIM,Chimera Investment Corp.,NYSE,1180779392.0
CL,Colgate-Palmolive Company,NYSE,74748338176.0
CLB,Core Laboratories N.V.,NYSE,877027904.0
CLDT,Catham Lodging Trust [Reit],NYSE,451459264.0
CLF,Cliffs Natual Resources Inc.,NYSE,5058579456.0
CLH,Clean Harbors,NYSE,12801574912.0
CLS,Celestica,NYSE,10724808704.0
CLW,Clearwater Paper Corp.,NYSE,530166400.0
CLX,Clorox Company,NYSE,19864375296.0
CM,Canadian Imperial Bank Of Commerce,NYSE,60849152000.0
CMA,Comerica Inc.,NYSE,8268254208.0
CMC,Commercial Metals Company,NYSE,5740057088.0
CMG,Chipotle Mexican Grill,NYSE,78681939968.0
CMI,Cummmins Inc.,NYSE,47827136512.0
CMP,Compass Minerals Intl Inc,NYSE,475816640.0
CMRE,Costamare Inc.,NYSE,1381881472.0
CMS,Cms Energy Corp.,NYSE,19752675328.0
CMU,Colonial Muni Income Trust,NYSE,89857024.0
CAN,Can Financial Corp.,NYSE,539092928.0
CNC,Centene Corp.,NYSE,33023322112.0
CNH,Cnh Global N.V.,NYSE,16567719936.0
CNI,Canadian National Railway Company,NYSE,66938904576.0
CNK,Cinemark Holdings Inc,NYSE,3538795776.0
CNL,Cleco Power Llc,NYSE,385682912.0
CNO,Cno Financial Group,NYSE,4154162176.0
CNP,Centerpoint Energy Inc,NYSE,21122471936.0
CNQ,Canadian Natural Resources,NYSE,64070098944.0
CNS,Cohn & Steers Inc,NYSE,4589890048.0
CNX,Consol Energy Inc.,NYSE,4187798272.0
CODI,Compass Diversified Holdings,NYSE,1643924480.0
COF,Capital One Financial Corp.,NYSE,77942472704.0
COO,Cooper Companies,NYSE,19856513024.0
COP,Conocophillips,NYSE,131716751360.0
COR,Coresite Realty Corp.,NYSE,49634893824.0
COTY,Coty Inc,NYSE,6502487552.0
CP,Canadian Pacific Railway,NYSE,74266263552.0
CPA,Copa Holdings S.A.,NYSE,3818237440.0
CPAC,Cementos Pacasmayo S.A.A.,NYSE,488288032.0
CFB,Campbell Soup Company,NYSE,768324608.0
CPF,Cpb Inc.,NYSE,774856640.0
CPK,Chesapeake Utilities Corp.,NYSE,2795619840.0
CPT,Camden Property Trust,NYSE,12172302336.0
CR,Crane Company,NYSE,9912599552.0
CRH,Crh Plc,NYSE,66829021184.0
CRI,Carter's,NYSE,1990422912.0
CRK,Comstock Resources,NYSE,5436054528.0
CRL,Charles River Laboratories Intl,NYSE,8477359104.0
CRM,Salesforce.Com Inc,NYSE,350453399552.0
CRS,Carpenter Technology Corp.,NYSE,10147175424.0
CRT,Cross Timbers Royalty Trust,NYSE,66481200.0
CSL,Carlisle Companies Inc.,NYSE,17847703552.0
CSTM,Constellium N.V.,NYSE,1461197312.0
CSV,Carriage Services,NYSE,618210112.0
CSX,Csx Corp.,NYSE,64332091392.0
CTS,Cts Corp.,NYSE,1541612416.0
CUB,Cubic Corp.,NYSE,310347008.0
CUBE,Cubesmart  ,NYSE,9607015424.0
CUK,Carnival Plc Ads,NYSE,32272893952.0
CUZ,Cousins Properties Inc.,NYSE,5147315200.0
CVE,Cenovus Energy Inc,NYSE,26540972032.0
CVI,Cvr Energy Inc.,NYSE,2008609280.0
CVS,Cvs Corp.,NYSE,71660158976.0
CVX,Chevron Corp.,NYSE,278554509312.0
CW,Curtiss-Wright Corp.,NYSE,12798410752.0
CWH,Commonwealth REIT,NYSE,1379283584.0
CWT,California Water Service Group Holding,NYSE,2690572288.0
CX,Cemex S.A.B. De C.V. Sponsored,NYSE,8581233664.0
CXE,Colonial High Income Muni Trust,NYSE,116960720.0
CXH,Colonial Investment Grade Muni Trust,NYSE,65622456.0
CXW,Corrections Corporation Of America,NYSE,2212036096.0
CYD,China Yuchai International,NYSE,407823904.0
CYH,Community Health Systems,NYSE,477286368.0
D,Dominion Resources,NYSE,46376951808.0
DAC,Danaos Corp.,NYSE,1487407360.0
DAL,Delta Air Lines Inc.,NYSE,43401601024.0
DAN,Dana Holding Corp.,NYSE,2274720512.0
DAR,Darling International Inc.,NYSE,5652566016.0
DB,Deutsche Bank Ag,NYSE,39150145536.0
DBD,Diebold Inc.,NYSE,1639095552.0
DBL,Doubleline Opportunistic Credi,NYSE,287057856.0
DCI,Donaldson Company,NYSE,8504253952.0
DCO,Ducommun Inc.,NYSE,1019623872.0
DD,E.I. Du Pont De Nemours And Company,NYSE,32063416320.0
DDD,3D Systems Corp.,NYSE,530952288.0
DDS,Dillard's,NYSE,7629880832.0
DE,Deere & Company,NYSE,132229144576.0
DEI,Douglas Emmett,NYSE,3547908864.0
DEO,Diageo Plc,NYSE,69453488128.0
DFP,Flaherty & Crumrine Dynamic,NYSE,417775744.0
DFS,Discover Financial Services,NYSE,50709536768.0
DG,Dollar General Corp.,NYSE,15875796992.0
DGX,Quest Diagnostics Inc.,NYSE,17656377344.0
DHF,Dreyfus High Yield Strategies Fund,NYSE,189122160.0
DHI,D.R. Horton,NYSE,46536245248.0
DHR,Danaher Corp.,NYSE,181218787328.0
DHT,Dht Holdings,NYSE,1772067456.0
DHX,Dice Holdings,NYSE,130497216.0
DIN,Dineequity Inc,NYSE,476453120.0
DIS,Walt Disney Company,NYSE,202719330304.0
DK,Dalek US Holdings,NYSE,1189380096.0
DKL,Delek Logistics Partners Lp,NYSE,2322720768.0
DKS,Dick's Sporting Goods Inc,NYSE,20235032576.0
DLB,Dolby Laboratories,NYSE,7807635968.0
DLR,Digital Realty Trust,NYSE,53718757376.0
DLX,Deluxe Corp.,NYSE,1025786880.0
DMB,Dreyfus Munipal Bond Indrastr,NYSE,191790528.0
DMO,Western Asset Mortgage Defined Opp,NYSE,133186944.0
DNB,Dun & Bradstreet Corp.,NYSE,5254147072.0
DNP,Duff & Phelps Utilities Income,NYSE,3423473152.0
DOC,Physicians Realty Trust,NYSE,14691800064.0
DOLE,Dole Food Company,NYSE,1304514688.0
DOV,Dover Corp.,NYSE,26833383424.0
DOW,DOW Chemical Company,NYSE,29176334336.0
DOX,Amdocs Limited,NYSE,9852483584.0
DPG,Duff & Phelps Global Utility I,NYSE,441082208.0
DPZ,Domino's Pizza Inc,NYSE,15026520064.0
DQ,Daqq New Energy,NYSE,1145867904.0
DRD,Drdgold Limited,NYSE,833155712.0
DRH,Diamondrock Hospitality Company,NYSE,1909852032.0
DRI,Darden Resorts International,NYSE,22620499968.0
DSL,Doubleline Income Solutions Fun,NYSE,1397996800.0
DSM,Dreyfus Strategic Muni Bond Fund,NYSE,287180736.0
DSU,Blackrock Debt Strategies Fund,NYSE,505815712.0
DSX,Diana Shipping Inc.,NYSE,205307920.0
DTE,Dte Energy Company,NYSE,24680224768.0
DTF,Duff & Phelps Utilities Tax-Free Income,NYSE,79082664.0
FBP,First Bancorp.,NYSE,3429778176.0
FC,Franklin Covey Company,NYSE,478898336.0
FCF,First Commonwealth Financial Corp.,NYSE,1707409792.0
FCN,Fti Consulting,NYSE,7259670528.0
FCT,Senior Floating Rate II,NYSE,269710304.0
FCX,Freeport-Mcmoran Copper & Gold,NYSE,52067160064.0
FDP,Fresh Del Monte Produce,NYSE,1531743744.0
FDS,Factset Research Systems Inc.,NYSE,18104371200.0
FDX,Fedex Corp.,NYSE,67493679104.0
FE,Firstenergy Corp.,NYSE,23277443072.0
FET,Forum Energy Technologies Inc,NYSE,214289136.0
FF,Futurefuel Corp.,NYSE,243979824.0
FFA,First Trust Enhanced Equity Income Fund,NYSE,413353920.0
FFC,Flaherty Crumrine/Claymore Preferred,NYSE,765065088.0
FGB,Ferrellgas-Partners L.P.,NYSE,63792144.0
FHN,First Tennessee National Corp.,NYSE,11079980032.0
FI,Frank's International N.V.,NYSE,121347571712.0
FICO,Fair Isaac And Company Inc.,NYSE,45519134720.0
FIX,Comfort Systems USA,NYSE,14597058560.0
FL,Footlocker Inc,NYSE,1907266816.0
FLC,Flaherty & Crumrine/Claymore Total,NYSE,178036432.0
FLO,Flowers Foods,NYSE,4207747840.0
FLR,Fluor Corp.,NYSE,8047530496.0
FLS,Flowserve Corp.,NYSE,7917860864.0
FMC,Fmc Corp.,NYSE,7075704320.0
FMN,Federated Premier Muni,NYSE,126870040.0
FMS,Fresenius Medical Care Corp.,NYSE,14412471296.0
FMX,Fomento Economico Mexicano S.A.B. De,NYSE,153004802048.0
FMY,First Trust/Fidac Mortgage Income Fund,NYSE,50357320.0
FN,Fabrinet,NYSE,7219851264.0
FNB,F.N.B. Corp.,NYSE,5604615168.0
FNF,Fidelity National Financial,NYSE,16016091136.0
FNV,Franco Nev Corp,NYSE,25006766080.0
FOF,Cohen & Steers Closed-End Opportunity,NYSE,345801664.0
FOR,Forestar Group Inc,NYSE,1209621888.0
FPF,First Trust Intermediate Durat,NYSE,1131769088.0
FR,First Industrial Realty Trust,NYSE,7307422720.0
FRA,Blackrock Floating Rate Income Fund,NYSE,458543552.0
FRO,Frontline Ltd,NYSE,3605379584.0
FRT,Federal Realty Investment Trust,NYSE,9438296064.0
FSM,Fortuna Silver Mines,NYSE,1362989824.0
FSS,Federal Signal Corp.,NYSE,5991176704.0
FT,Franklin Universal Trust,NYSE,187629728.0
FTI,Fmc Technologies,NYSE,13074152448.0
FTK,Flotek Industries,NYSE,243282704.0
FUL,H.B. Fuller Company,NYSE,3485810944.0
FUN,Cedar Fair L.P.,NYSE,4546357248.0
G,Genpact Limited,NYSE,8389492224.0
GAB,Gabelli Equity Trust,NYSE,1718530560.0
GAM,General American Investors,NYSE,1220477440.0
GB,Greatbatch,NYSE,1499032576.0
GBAB,Guggenheim Build America Bonds,NYSE,383877600.0
GBX,Greenbrier Companies,NYSE,2123331456.0
GCI,Gannet Co.,NYSE,679564736.0
GCO,Genesco Inc.,NYSE,484483488.0
GCV,Gabelli Convertible And Income,NYSE,76882128.0
GD,General Dynamics Corp.,NYSE,73283362816.0
GDL,The Gdl Fund,NYSE,96408664.0
GDO,Western Asset Global Corporate Defined,NYSE,84596256.0
GDOT,Green Dot Corp.,NYSE,488922016.0
GDV,Gabelli Dividend,NYSE,2249956864.0
GE,General Electric Company,NYSE,207356379136.0
GEF,Greif Bros. Corp.,NYSE,2987464448.0
GEL,Genesis Energy L.P.,NYSE,1277299584.0
GEO,Geo Group Inc,NYSE,4063401728.0
GES,Guess,NYSE,674855936.0
GF,New Germany Fund,NYSE,133748904.0
GFF,Griffon Corp.,NYSE,3675112960.0
GFI,Gold Fields Ltd,NYSE,14544140288.0
GGB,Gerdau S.A.,NYSE,5926616576.0
GGG,Graco Inc.,NYSE,14008639488.0
GGT,Gabelli Global Multi-Media Trust,NYSE,139753824.0
GHI,Global High Income Dollar Fund,NYSE,274599648.0
GHY,Prudential Global Short Durati,NYSE,546334080.0
GIB,Cgi Group,NYSE,25515143168.0
GIL,Gildan Activewear,NYSE,8049246720.0
GIS,General Mills,NYSE,33707776000.0
GLP,Global Partners Lp,NYSE,1737293184.0
GLW,Corning Inc.,NYSE,43200028672.0
GM,General Motors Company,NYSE,54924910592.0
GME,Gamestop Corp.,NYSE,11952793600.0
GMED,Globus Medical Inc.,NYSE,12544386048.0
GNE,Genie Energy Ltd. Class B Commo.,NYSE,384334592.0
GNK,Genco Shipping,NYSE,613575872.0
GNRC,Generac Holdings Inc.,NYSE,8701854720.0
GNT,Gabelli Natural Resources Gold,NYSE,93531808.0
GNW,Genworth Financial Inc,NYSE,3113020416.0
GOF,Claymore/Guggenheim Strategic Fund,NYSE,2141364352.0
GPC,Genuine Parts Company,NYSE,16555016192.0
GPI,Group 1 Automotive,NYSE,6068283904.0
GPK,Graphic Packaging Holdings Company,NYSE,8394915840.0
GPN,Global Payments Inc.,NYSE,28050440192.0
GRO,Agria Corp.,NYSE,203191408.0
GRX,The Gabelli Healthcare & Wellness Trust,NYSE,161574560.0
GS,Goldman Sachs Group,NYSE,200249475072.0
GSK,Glaxosmithkline Plc,NYSE,71348035584.0
GSL,Global Ship Lease Inc,NYSE,752395456.0
GTN,Gray Television,NYSE,396516320.0
GTY,Getty Realty Corp.,NYSE,1731397504.0
GUT,Gabelli Utility Trust,NYSE,412962176.0
GVA,Granite Construction Inc.,NYSE,3750541312.0
GWRE,Guidewire Software Inc. Common,NYSE,17281812480.0
GWW,W.W. Grainger,NYSE,55220670464.0
H,Hyatt Hotels Corp.,NYSE,15151016960.0
HAE,Haemonetics Corp.,NYSE,3561878784.0
HAL,Halliburton Company,NYSE,23732731904.0
HASI,Hannon Armstrong Sustainable In,NYSE,3266960128.0
HBI,Hanesbrands Inc.,NYSE,2950391552.0
HBM,Hudbay Minerals Inc,NYSE,3163290112.0
HCA,Hca Holdings Inc. Common Stock,NYSE,83575349248.0
HCC,Hcc Insurance Holdings,NYSE,2792910848.0
HCI,Homeowners Choice,NYSE,1300460928.0
HCP,Hcp,NYSE,7010488320.0
HD,Home Depot,NYSE,417140834304.0
HE,Hawaiian Electric Industries,NYSE,1533222784.0
HEI,Heico Corp.,NYSE,28896933888.0
HEQ,John Hancock Hedged Eqty & Inc,NYSE,127044072.0
HES,Hess Corp.,NYSE,44772626432.0
HI,Hillenbrand Inc,NYSE,2418690048.0
HIG,Hartford Financial Services Group,NYSE,33089607680.0
HII,Huntington Ingalls Industries,NYSE,7801991168.0
HIO,Western Asset High,NYSE,373739872.0
HIW,Highwoods Properties,NYSE,3226770688.0
HIX,Western Asset High Income Fund II Inc.,NYSE,382621760.0
HL,Hecla Mining Company,NYSE,3334773504.0
HLF,Herbalife Ltd,NYSE,609791616.0
HLX,Helix Energy Solutions Group,NYSE,1268547328.0
HMC,Honda Motor Company,NYSE,44219305984.0
HMN,Horace Mann Educators Corp.,NYSE,1598121088.0
HMY,Harmony Gold Mining Co. Ltd,NYSE,6469517312.0
HNI,Hon Industries Inc.,NYSE,2432267520.0
HOG,Harley-Davidson,NYSE,3505312512.0
HON,Honeywell International Inc.,NYSE,144497885184.0
HOV,Hovnanian Enterprises Inc,NYSE,865463808.0
HP,Helmerich & Payne,NYSE,3333374976.0
HPF,John Hancock Pfd II,NYSE,363099040.0
HPI,John Hancock Preferred,NYSE,460464832.0
HPP,Hudson Pacific Properties,NYSE,456466528.0
HPQ,Hewlett-Packard Company,NYSE,30858242048.0
HPS,John Hancock Preferred Income Fund III,NYSE,478181696.0
HQH,H&Q Healthcare Investors,NYSE,932994816.0
HQL,H&Q Life Sciences Investors,NYSE,398752480.0
HR,Healthcare Realty Trust Inc.,NYSE,6136308224.0
HRB,H&R Block,NYSE,7540271104.0
HRL,Hormel Foods Corp.,NYSE,16986462208.0
HST,Host Marriott Financial Trust,NYSE,12200868864.0
HSY,Hershey Foods Corp.,NYSE,30839914496.0
HTD,John Hancock Tax Advantaged Dividend,NYSE,794912384.0
HTGC,Hercules Technology Growth Capital,NYSE,3524249600.0
HTH,Hilltop Holdings Inc.,NYSE,1932610560.0
HTZ,Hertz Global Holdings Inc,NYSE,1303432448.0
HUM,Humana Inc.,NYSE,36168454144.0
HUN,Huntsman Corp.,NYSE,3041199360.0
HVT,Haverty Furniture Companies,NYSE,376225792.0
HXL,Hexcel Corp.,NYSE,5514885120.0
HY,Hyster-Yale Materials Handling,NYSE,942816512.0
HYB,New America High,NYSE,192607520.0
HYI,Western Asset High Yield Defined,NYSE,270721664.0
HYT,Blackrock High Yield Fund Vi Inc,NYSE,1414422528.0
HZO,Marinemax,NYSE,684284480.0
IAE,ING Asia Pacific High Dividend Equity,NYSE,67669304.0
IAG,Iamgold Corp.,NYSE,3323698432.0
IBM,International Business Machines Corp.,NYSE,208271654912.0
IBN,Icici Bank Limited,NYSE,102017368064.0
ICE,Intercontinentalexchange,NYSE,91581235200.0
IDA,Idacorp,NYSE,5798417408.0
IDE,ING Infrastructure Industrial,NYSE,158989584.0
IEX,Idex Corp.,NYSE,16762108928.0
IFF,Internationa Flavors & Fragrances,NYSE,22374731776.0
IFN,India Fund,NYSE,593180480.0
IGA,ING Global Advantage And Premium,NYSE,145129648.0
IGD,ING Global Equity Dividend And Premium,NYSE,432593696.0
IGI,Western Asset Investment Grade Defined,NYSE,177609968.0
IGR,ING Clarion Global Real Estate,NYSE,734847744.0
IGT,International Game Technology,NYSE,3469939200.0
IHD,ING Emerging Markets High Dividend,NYSE,92941480.0
IHG,Intercontinental Hotels Group,NYSE,21039849472.0
IHS,Ihs Inc.,NYSE,1141264768.0
IIF,Morgan Stanley India Investment Fund Inc,NYSE,234450464.0
IIM,Invesco Insured Muni Income Trust,NYSE,561290688.0
IMAX,Imax Corp.,NYSE,1227504512.0
INFY,Infosys Limited,NYSE,89034227712.0
ING,ING Group N.V.,NYSE,51363270656.0
INGR,Ingredion Inc,NYSE,8909650944.0
INN,Summit Hotel Properties,NYSE,750252544.0
IP,International Paper Company,NYSE,20319893504.0
IPG,Interpublic Group Of Companies,NYSE,10851361792.0
IPI,Intrepid Potash Inc,NYSE,348627360.0
IQI,Invesco Quality Muni Income Trust,NYSE,519054464.0
IR,Ingersoll-Rand Plc [Ireland],NYSE,36696256512.0
IRM,Iron Mountain Inc.,NYSE,29005584384.0
IRS,Irsa Inversiones Y Representaciones S.A.,NYSE,1243276032.0
ISD,Prudential Short Duration High,NYSE,461603008.0
IT,Gartner,NYSE,41922879488.0
ITT,Itt Industries,NYSE,11885266944.0
ITUB,Itau Unibanco Banco Holding Sa,NYSE,50520756224.0
ITW,Illinois Tool Works Inc.,NYSE,77442424832.0
IVR,Invesco Mortgage Capital Inc,NYSE,502543200.0
IVZ,Invesco Plc,NYSE,8665203712.0
IX,Orix Corp Ads,NYSE,24188381184.0
JBI,Lehman Abs Cp 7.857%,NYSE,1161047296.0
JBL,Jabil Circuit,NYSE,17492660224.0
JCE,Nuveen Core Equity Alpha Fund,NYSE,254220528.0
JCI,Johnson Controls,NYSE,50269585408.0
JEQ,Japan Equity Fund,NYSE,81194200.0
JFR,Nuveen Floating Rate,NYSE,1137894144.0
JHI,John Hancock Investors Trust,NYSE,122423696.0
JHS,John Hancock Income Securities Trust,NYSE,130558384.0
JHX,James Hardie Industries Se,NYSE,14441715712.0
JKS,Jinkosolar Holding Company Limited,NYSE,989671744.0
JLL,Jones Lang Lasalle Inc.,NYSE,13353311232.0
JLS,Nuveen Mortgage Opportunity Term Fund,NYSE,101427192.0
JNJ,Johnson & Johnson,NYSE,365163741184.0
JNPR,Juniper Networks,NYSE,11960590336.0
JOE,St. Joe Company,NYSE,2894764032.0
JOF,Japan Smaller Capitalization Fund Inc,NYSE,219587728.0
JPC,Nuveen Preferred And Convertible,NYSE,2541495296.0
JPI,Nuveen Preferred And Income Term Fund,NYSE,283595520.0
JPM,J P Morgan Chase & Co,NYSE,746161897472.0
JQC,Nuveen Preferred And Convertible 2,NYSE,752629952.0
JRI,Nuveen Real Asset Income And Gr,NYSE,346821248.0
JWN,Nordstrom,NYSE,3994962944.0
K,Kellogg Company,NYSE,28260065280.0
KAI,Kadant Inc,NYSE,4436669440.0
KAR,Kar Auction Services Inc,NYSE,2232505344.0
KB,Kb Financial Group Inc,NYSE,23143481344.0
KBH,Kb Home,NYSE,4960861696.0
KBR,Kbr,NYSE,7404257792.0
KEP,Korea Electric Power Corp.,NYSE,9244295168.0
KEX,Kirby Corp.,NYSE,6076938240.0
KEY,Keycorp,NYSE,19458033664.0
KF,Korea Fund,NYSE,95551376.0
KFS,Kingsway Financial Services,NYSE,223339696.0
KFY,Korn/Ferry International,NYSE,3700048640.0
KGC,Kinross Gold Corp.,NYSE,13064924160.0
KIM,Kimco Realty Corp.,NYSE,15834163200.0
KIO,Kkr Income Opportunities Fund,NYSE,343197504.0
KKR,Kkr,NYSE,152178622464.0
KMB,Kimberly-Clark Corp.,NYSE,44275134464.0
KMI,Kinder Morgan,NYSE,60781404160.0
KMPR,Unitrin,NYSE,4306419200.0
KMT,Kennametal Inc.,NYSE,1835108608.0
KMX,Carmax Inc,NYSE,12919968768.0
KNOP,Knot Offshore Partners Lp Commo,NYSE,193967664.0
KNX,Knight Transportation,NYSE,9459407872.0
KO,Coca-Cola Company,NYSE,273351458816.0
KOF,Coca Cola Femsa S.A.B. De C.V.,NYSE,16622176256.0
KOP,Koppers Holdings Inc.,NYSE,632997760.0
KOS,Kosmos Energy Ltd.,NYSE,1552534528.0
KR,Kroger Company,NYSE,44266598400.0
KRC,Kilroy Realty Corp.,NYSE,4740464640.0
KRG,Kite Realty Group Trust,NYSE,5425725952.0
KRO,Kronos Worldwide Inc,NYSE,1148634368.0
KSM,Scudder Strategic Municiple Income Trust,NYSE,111307592.0
KSS,Kohl's Corp.,NYSE,1509472128.0
KT,Korea Telecom Corp.,NYSE,8736905216.0
KTF,Scudder Municiple Income Trust,NYSE,370574688.0
KW,Kennedy-Wilson Holdings Inc.,NYSE,1295795200.0
KWR,Quaker Chemical Corp.,NYSE,2534850560.0
KYN,Kayne Anderson MLP Investment Company,NYSE,2200329216.0
L,Loews Corp.,NYSE,18772893696.0
LAD,Lithia Motors,NYSE,9675163648.0
LAZ,Lazard Ltd,NYSE,4795352064.0
LDP,Cohen & Steers Limited Duration,NYSE,601067072.0
LEA,Lear Corp.,NYSE,5262411264.0
LEE,Lee Enterprises Inc.,NYSE,93164464.0
LEG,Leggett & Platt Inc.,NYSE,1434942208.0
LEN,Lennar Corp.,NYSE,35846057984.0
LEO,Dreyfus Strategic Municipals,NYSE,381843232.0
LGI,Lazard Global Total Return And,NYSE,218811920.0
LH,Laboratory Corporation Of America,NYSE,20760111104.0
LII,Lennox International,NYSE,23363540992.0
LIN,Lin Media Llc,NYSE,208904814592.0
LLY,Eli Lilly And Company,NYSE,723830439936.0
LMT,Lockheed Martin Corp.,NYSE,110490451968.0
LNC,Lincoln National Corp.,NYSE,5912605696.0
LND,Brasilagro Brazi ADR,NYSE,388500480.0
LNN,Lindsay Corp.,NYSE,1514358272.0
LNT,Alliant Energy Corp.,NYSE,15231717376.0
LOW,Lowe's Companies,NYSE,149688713216.0
LPL,Lg Display Co. Limited American,NYSE,3204999936.0
LPX,Louisiana-Pacific Corp.,NYSE,7990999552.0
LRN,K12 Inc,NYSE,5231561728.0
LSE,Caplease Funding Inc,NYSE,136096864.0
LTC,Ltc Properties,NYSE,1576569472.0
LTM,Life Time Fitness,NYSE,8551286272.0
LUV,Southwest Airlines Company,NYSE,19143606272.0
LVS,Las Vegas Sands,NYSE,31509628928.0
LXFR,Luxfer Holdings Plc,NYSE,370701632.0
LXP,Lexington Realty Trust,NYSE,2519207424.0
LXU,Lsb Industries Inc.,NYSE,587293056.0
LYB,Lyondellbasell Industries Nv,NYSE,25550258176.0
LYG,Lloyds Banking Group Plc,NYSE,46084276224.0
LYV,Live Nation Entertainment,NYSE,32689713152.0
LZB,La-Z-Boy Inc.,NYSE,1895266816.0
M,Macy's Inc,NYSE,4260324608.0
MA,Mastercard Inc.,NYSE,504109465600.0
MAA,Mid-America Apartment Communities,NYSE,18316081152.0
MAC,Macerich Company,NYSE,5393095680.0
MAIN,Main Street Capital Corp.,NYSE,5399900672.0
MAN,Manpower Inc,NYSE,2839652096.0
MANU,Manchester United Ltd.,NYSE,2712474368.0
MAR,Marriot International,NYSE,80558399488.0
MAS,Masco Corp.,NYSE,17407707136.0
MATX,Matson Inc,NYSE,4604248064.0
MAV,Pioneer Muni High Income Advantage Trust,NYSE,205424704.0
MBI,Mbia,NYSE,310773312.0
MCD,Mcdonald's Corp.,NYSE,209726013440.0
MCI,Massmutual Corporate Investors,NYSE,424186016.0
MCK,Mckesson Corp.,NYSE,76058001408.0
MCN,Madison/Claymore Covered Call & Equity,NYSE,139282944.0
MCO,Moody's Corp.,NYSE,90108960768.0
MYN,Blackrock Muniyield New York Quality,NYSE,388687424.0
NAC,Nuveen California Divadv Fund,NYSE,1622738816.0
NAD,Nuveen Divadv Fund,NYSE,2729928192.0
NAN,Nuveen New York Divadv Fund,NYSE,351842176.0
NAT,Nordic American Tanker Shipping Limited,NYSE,544957568.0
NAZ,Nuveen Arizona Premium Fund,NYSE,141391296.0
NBB,Nuveen Build America Bond Fund,NYSE,462547744.0
NBHC,National Bank Holdings Corp.,NYSE,1622453504.0
NBR,Nabors Industries,NYSE,568668160.0
NC,Nacco Industries,NYSE,233685472.0
NCA,Nuveen California Muni Value Fund,NYSE,282412928.0
NCV,Agic Convertible &,NYSE,325796832.0
NCZ,Agic Convertible & II,NYSE,250801568.0
NE,Noble Corp.,NYSE,5214051328.0
NEE,Nextera Energy,NYSE,144873373696.0
NEM,Newmont Mining Corp.,NYSE,46835494912.0
NEU,Newmarket Corp.,NYSE,4808741888.0
NFG,National Fuel Gas Company,NYSE,6147795456.0
NFJ,Nfj Dividend Interest & Premium Strategy,NYSE,1234790784.0
NGG,National Grid Transco Plc,NYSE,59958497280.0
NGL,Ngl Energy Partners Lp,NYSE,711114432.0
NGS,Natural Gas Services Group,NYSE,326936224.0
NGVC,Natural Grocers By Vitamin Cottage Inc,NYSE,956460352.0
NHI,National Health Investors,NYSE,3195444736.0
NI,Nisource Inc,NYSE,16923073536.0
NIE,Agic Equity & Convertible,NYSE,687183168.0
NIM,Nuveen Maturities Fund,NYSE,110874312.0
NIO,Nuveen Insured Muni Opportunity Fund,NYSE,9053172736.0
NJR,Newjersey Resources Corp.,NYSE,4768384512.0
NKE,Nike,NYSE,111186345984.0
NL,Nl Industries,NYSE,385896832.0
NLY,Annaly Capital Management Inc,NYSE,11140890624.0
NMFC,New Mountain Finance Corporati,NYSE,1245193728.0
NMI,Nuveen Muni,NYSE,97304328.0
NMM,Navios Maritime Partners Lp,NYSE,1224922752.0
NMR,Nomura Holdings Inc ADR,NYSE,18923972608.0
NMT,Nuveen Massachusetts Premium Fund,NYSE,108165592.0
NNI,Nelnet,NYSE,4052655104.0
NNN,National Retail Properties,NYSE,7606054912.0
NNY,Nuveen New York Muni Value Fund,NYSE,152599680.0
NOA,North American Energy Partners,NYSE,532033088.0
NOAH,Noah Holdings Ltd,NYSE,771426624.0
NOC,Northrop Grumman Corp.,NYSE,72105189376.0
NOK,Nokia Corp.,NYSE,23942066176.0
NOV,National-Oilwell,NYSE,5651444736.0
NOW,Servicenow Inc.,NYSE,245878276096.0
NPK,National Presto Industries,NYSE,693278144.0
NPO,Enpro Industries,NYSE,3759301120.0
NPV,Nuveen Virginia Premium Fund,NYSE,226214912.0
NQP,Nuveen Pennsylvania Investment,NYSE,424279200.0
NRG,Nrg Energy,NYSE,19456464896.0
NRP,Natural Resource Partners Lp,NYSE,1409302784.0
NSC,Norfolk Souther Corp.,NYSE,57724006400.0
NSP,Insperity Inc,NYSE,2999067136.0
NTZ,Natuzzi S.P.A.,NYSE,52870084.0
NU,Northeast Utilities,NYSE,59241222144.0
NUE,Nucor Corp.,NYSE,29520101376.0
NUS,Nu Skin Enterprises,NYSE,342508768.0
NUV,Nuveen Muni Value Fund,NYSE,1808728576.0
NUW,Nuveen Muni Value Fund,NYSE,246237984.0
NVO,Novo Nordisk A/S,NYSE,349920198656.0
NVR,Nvr,NYSE,25404405760.0
NVS,Novartis Ag,NYSE,204265406464.0
NWE,Northwestern Corp.,NYSE,3375653376.0
NWL,Newell Rubbermaid Inc.,NYSE,4390880256.0
NWN,Northwest Natural Gas Company,NYSE,1631767168.0
NX,Quanex Building Products Corp.,NYSE,1060545856.0
NXC,Nuveen California Tax-Free Income,NYSE,82709640.0
NXP,Nuveen Tax Free Income Portfolio,NYSE,731622720.0
NYT,New York Times Company,NYSE,8925655040.0
O,Realty Income Corp.,NYSE,48591716352.0
OB,Onebeacon Insurance Group,NYSE,310805248.0
OC,Owens Corning Inc,NYSE,16256125952.0
ODC,Oil-Dri Corporation Of America,NYSE,626031104.0
ODP,Office Depot,NYSE,707777728.0
OFG,Oriental Financial Group,NYSE,1964371200.0
OGE,Oge Energy Corp.,NYSE,8493067264.0
OHI,Omega Healthcare Investors,NYSE,10593332224.0
OI,Owens-Illinois,NYSE,1786172928.0
OIA,Invesco Muni Income Trust,NYSE,292637312.0
OII,Oceaneering International,NYSE,2557828608.0
OIS,Oil States International,NYSE,331332736.0
OKE,Oneok,NYSE,58158309376.0
OLN,Olin Corp.,NYSE,3832510464.0
OLP,One Liberty Properties,NYSE,556064576.0
OMC,Omnicom Group Inc.,NYSE,17213474816.0
OMI,Owens & Minor,NYSE,1156635008.0
ONB,Old National Bancorp Capital,NYSE,7510384128.0
OPK,Opko Health Inc,NYSE,996416768.0
OPY,Oppenheimer Holdings,NYSE,734252608.0
ORA,Ormat Technologies,NYSE,3760887040.0
ORCL,Oracle Corp.,NYSE,454701809664.0
ORI,Old Republic International Corp.,NYSE,9408663552.0
ORN,Orion Marine Group Inc,NYSE,273282336.0
OSK,Oshkosh Truck Corp.,NYSE,6219367936.0
OXM,Oxford Industries,NYSE,1343534592.0
OXY,Occidental Petroleum Corp.,NYSE,46035107840.0
PAA,Plains All American Pipeline L.P.,NYSE,14266888192.0
PAC,Grupo Aeroportuario Del Pacifico,NYSE,9262047232.0
PAG,Penske Automotive Group,NYSE,10972850176.0
PAI,Pacific American Income Shares,NYSE,119252216.0
PAM,Pampa Energia S.A.,NYSE,4820589056.0
PANW,Palo Alto Networks Inc.,NYSE,128848150528.0
PAR,Par Technology Corp.,NYSE,2724341760.0
PAY,Verifone Systems,NYSE,3720324864.0
PB,Prosperity Bancshares,NYSE,7612602880.0
PBA,Pembina Pipeline Cor,NYSE,21317099520.0
PBF,Pbf Energy Inc.,NYSE,3434119168.0
PBH,Prestige Brand Holdings,NYSE,3952440064.0
PBI,Pitney Bowes Inc,NYSE,1635308928.0
PBR,Petroleo Brasileiro S.A.- Petrobras,NYSE,84370530304.0
PBT,Permian Basin Royalty Trust,NYSE,521249536.0
PBYI,Puma Biotechnology,NYSE,146084992.0
PCF,Putnam High Income Bond Fund,NYSE,124276896.0
PCG,Pacific Gas & Electric Co.,NYSE,34953580544.0
PCK,Pimco California Muni II,NYSE,184487152.0
PCM,Pimco Commercial Mortgage Securities,NYSE,80594200.0
PCN,Pimco Corporate,NYSE,777307520.0
PCQ,Pimco California Muni,NYSE,170639184.0
PDI,Pimco Dynamic Income Fund,NYSE,6680145408.0
PDM,Piedmont Office Realty Trust,NYSE,1088099968.0
PDS,Precision Drilling Corp.,NYSE,820155840.0
PDT,John Hancock Premium Dividend Fund,NYSE,629078720.0
PEB,Pebblebrook Hotel Trust,NYSE,1685875968.0
PEG,Public Service Enterprise Group Inc.,NYSE,40505692160.0
PEO,Petroleum Resources Corp.,NYSE,566599680.0
PEP,Pepsico,NYSE,209749835776.0
PFD,Flaherty & Crumrine Preferred Inc.,NYSE,144077648.0
PFE,Pfizer,NYSE,151053631488.0
PFG,Principal Financial Group Inc,NYSE,19055163392.0
PFL,Pimco Income Strategy Fund,NYSE,342816832.0
PFN,Pimco Income Strategy Fund II,NYSE,655628544.0
PFO,Flaherty & Crumrine Preferred Fund,NYSE,119264976.0
PFS,Provident Financial Services,NYSE,2498845184.0
PFSI,Pennymac Financial Services In,NYSE,5783417856.0
PFX,Phoenix Companies,NYSE,98322888.0
PG,Procter & Gamble Company,NYSE,395064311808.0
PGP,Pimco Global Stocksplus & Income,NYSE,90877800.0
PGR,Progressive Corp.,NYSE,143892758528.0
PGZ,Principal Real Estate Income F,NYSE,68681568.0
PH,Parker-Hannifin Corp.,NYSE,84952621056.0
PHD,Pioneer Floating Rate Trust,NYSE,119045296.0
PHG,Koninklijke Philips Electronics,NYSE,25449805824.0
PHH,Phh Corp,NYSE,138860000.0
PHI,Philippine Long Distance Telephone,NYSE,4878544384.0
PHK,Pimco High,NYSE,780861376.0
PHM,Pultegroup,NYSE,23760799744.0
PHT,Pioneer High Income Trust,NYSE,230918384.0
PHX,Panhandle Royalty Company,NYSE,145800320.0
PII,Polaris Industries Inc.,NYSE,3012711680.0
PIM,Putnam Master Intermediate Income,NYSE,158044496.0
PKE,Park Electrochemical Corp.,NYSE,296686240.0
PKG,Packaging Corporation Of America,NYSE,21407690752.0
PKX,Pohang Iron & Steel Co.,NYSE,13520990208.0
PL,Protective Life Corp.,NYSE,1526257152.0
PLD,Prologis Inc,NYSE,111233613824.0
PLOW,Douglas Dynamics,NYSE,601829632.0
PM,Philip Morris International Inc,NYSE,202306715648.0
PMF,Pimco Muni,NYSE,234448224.0
PML,Pimco Muni II,NYSE,551925312.0
PMM,Putnam Managed Muni Income Trust,NYSE,276462112.0
PMO,Putnam Muni Opportunities Trust,NYSE,308672704.0
PMT,Pennymac Mortgage Investment Trust,NYSE,1120941184.0
PMX,Pimco Muni Income Fund III,NYSE,246364352.0
PNC,Pnc Bank,NYSE,79537799168.0
PNF,Pimco New York Muni,NYSE,59419136.0
PNI,Pimco New York Muni II,NYSE,80424576.0
PNR,Pentair,NYSE,16804819968.0
PNW,Pinnacle West Capital Corp.,NYSE,9908955136.0
POR,Portland General Electric Company,NYSE,4433370112.0
POST,Post Holdings Inc. Common Stoc,NYSE,6354485248.0
PPG,Ppg Industries,NYSE,28737841152.0
PPL,Ppl Corp.,NYSE,24437876736.0
PPT,Putnam Premier Income Trust,NYSE,343024768.0
PRA,Pro-Assurance Corp.,NYSE,784993408.0
PRE,Partnerre Ltd,NYSE,67316776.0
PRGO,Perrigo Company,NYSE,3392282112.0
PRI,Primerica,NYSE,9665025024.0
PRLB,Proto Labs Inc.,NYSE,988002176.0
PRO,Pros Holdings,NYSE,1173661824.0
PRU,Prudential Financial Inflation Retail,NYSE,43208814592.0
PSA,Public Storage,NYSE,51939131392.0
PSF,Cohen & Steers Preferred Fund,NYSE,242970848.0
PSO,Pearson Plc,NYSE,10758502400.0
PSX,Phillips 66 Common Stock,NYSE,50152349696.0
PTY,Pimco Corporate Opportunity Fund,NYSE,2380522240.0
PUK,Prudential Public Limited Company,NYSE,21553639424.0
PVH,Phillips-Van Heusen Corp.,NYSE,5094888448.0
PWR,Quanta Services,NYSE,43200126976.0
PX,Praxair,NYSE,1579620096.0
PZC,Pimco California Muni Income Fund III,NYSE,150444720.0
SE,Spectra Energy Corp,NYSE,67292540928.0
SEE,Sealed Air Corp.,NYSE,5188092416.0
SEM,Select Medical Holdings Corp.,NYSE,2650161152.0
SF,Stifel Financial Corp.,NYSE,11760359424.0
SFD,Smithfield Foods,NYSE,7949379584.0
SFL,Ship Finance International,NYSE,1388319104.0
SGU,Star Gas Partners L.P.,NYSE,407656160.0
SHG,Shinhan Financial Group Co Ltd,NYSE,17701126144.0
SHO,Sunstone Hotel Investors,NYSE,2341500928.0
SHW,Sherwin-Williams Company,NYSE,90654490624.0
SID,National Steel Corp.,NYSE,2035548032.0
SIG,Signet Jewelers Limited,NYSE,2529894656.0
SJM,J.M. Smucker Company,NYSE,11357312000.0
SJT,San Juan Basin Royalty Trust,NYSE,195290880.0
SJW,Sjw Corp.,NYSE,1746141184.0
SKM,Sk Telecom Corporation,NYSE,8287224320.0
SKT,Tanger Factory Outlet Centers,NYSE,3734228480.0
SKX,Skechers U.S.A.,NYSE,11521428480.0
SKY,Skyline Corp.,NYSE,5192702464.0
SLB,Schlumberger N.V.,NYSE,58520514560.0
SLF,Sun Life Financial Inc.,NYSE,33498073088.0
SLG,Sl Green Realty Corp.,NYSE,4871358976.0
SM,Sm Energy Company,NYSE,4506925056.0
SMFG,Sumitomo Mitsui Financial Group Inc,NYSE,99244408832.0
SMG,Scotts Miracle-Gro Company,NYSE,4378531328.0
SMP,Standard Motor Products,NYSE,684453952.0
SN,Sanchez Energy Corporation,NYSE,15607887872.0
SNA,Snap-On Inc.,NYSE,18464600064.0
SNN,Smith & Nephew Snats,NYSE,11185426432.0
SNV,Synovus Financial Corp.,NYSE,7723897856.0
SNX,Synnex Corp.,NYSE,11972303872.0
SNY,Sanofi-Aventis Sa,NYSE,133181399040.0
SO,Southern Company,NYSE,92957491200.0
SOL,Renesola Ltd,NYSE,94309200.0
SON,Sonoco Products Company,NYSE,4841721856.0
SOR,Source Capital,NYSE,345947008.0
SPB,Spectrum Brands Holdings,NYSE,2405836800.0
SPE,Special Opportunities Fund Inc.,NYSE,161548640.0
SPG,Simon Property Group,NYSE,66092630016.0
SPH,Suburban Propane Partners L.P.,NYSE,1283030528.0
SPLP,Steel Partners Hldgs,NYSE,755524992.0
SPR,Spirit Aerosystems Holdings,NYSE,4061523200.0
SQM,Sociedad Quimica Y Minera S.A.,NYSE,10727001088.0
SQNS,Sequans Communications S A,NYSE,76728200.0
SR,Standard Register Company,NYSE,4095165440.0
SRE,Sempra Energy,NYSE,51818369024.0
SRI,Stoneridge,NYSE,148408224.0
SRV,The Cushing MLP Total Return Fund,NYSE,133430360.0
SSD,Simpson Manufacturing Company,NYSE,7018425344.0
SSL,Sasol Ltd,NYSE,2872745216.0
SSP,E.W. Scripps Company,NYSE,182656672.0
SSTK,Shutterstock Inc.,NYSE,1001002688.0
ST,Sensata Technologies Holding N.V.,NYSE,4166908928.0
STAG,STI Inc,NYSE,6407183360.0
STC,Stewart Information Services Corp.,NYSE,1814246656.0
STE,Steris Corp.,NYSE,21900681216.0
STI,Suntrust Banks,NYSE,50928964.0
STK,Columbia Seligman Premium Technology,NYSE,541098304.0
STM,Stmicroelectronics N.V.,NYSE,22179833856.0
STN,Stantec Inc,NYSE,8938290176.0
STNG,Scorpio Tankers Inc.,NYSE,2341581312.0
STR,Questar Corp.,NYSE,3162282496.0
STT,State Street Corp,NYSE,28945905664.0
STWD,Starwood Property Trust,NYSE,6739470848.0
STZ,Constellation Brands Inc,NYSE,33547409408.0
SU,Suncor Energy Inc.,NYSE,47958749184.0
SUI,Sun Communities,NYSE,16813299712.0
SUP,Superior Industries International,NYSE,61527396.0
SVM,Silvercorp Metals Inc,NYSE,641742656.0
SWI,Solarwinds,NYSE,2567108608.0
SWK,Stanley Black & Decker Inc,NYSE,13717188608.0
SWX,Southwest Gas Corp.,NYSE,5283923456.0
SWZ,Swiss Helvetia Fund,NYSE,112889176.0
SXC,Suncoke Energy Inc,NYSE,837559360.0
SXI,Standex International Corp.,NYSE,2246229760.0
SXT,Sensient Technologies Corp.,NYSE,3221962240.0
SYK,Stryker Corp.,NYSE,151413276672.0
SYY,Sysco Corp.,NYSE,35628621824.0
T,AT&T Inc.,NYSE,172458098688.0
TAC,Transalta Corp.,NYSE,3182009856.0
TAL,Tal International Group,NYSE,7595837440.0
TAP,Molson Coors Brewing Company,NYSE,11464175616.0
TBI,Trueblue Inc,NYSE,237801360.0
TCI,Transcontinental Realty Investors,NYSE,246307008.0
TD,Toronto Dominion Bank,NYSE,100088217600.0
TDC,Teradata Corp.,NYSE,3146616064.0
TDF,Templeton Dragon Fund,NYSE,219867152.0
TDG,Transdigm Group Inc.,NYSE,74651721728.0
TDS,Telephone And Data Systems,NYSE,4037446912.0
TDW,Tidewater Inc.,NYSE,2825180416.0
TDY,Teledyne Technologies Inc.,NYSE,23682822144.0
TEF,Telefonica Sa,NYSE,22945503232.0
TEI,Templeton Emerging Markets,NYSE,255741792.0
TEL,Te Connectivity Ltd,NYSE,44217282560.0
TEN,Tenneco Automotive,NYSE,506292512.0
TEO,Telecom Argentina Stet - France Telecom,NYSE,4101937152.0
TER,Teradyne,NYSE,19385344000.0
TEVA,Teva Pharmaceutical Industries Limited,NYSE,24700145664.0
TEX,Terex Corp.,NYSE,3143273984.0
TFX,Teleflex Inc.,NYSE,8422565376.0
TG,Tredegar Corp.,NYSE,266012080.0
TGI,Triumph Group,NYSE,1492025472.0
TGS,Transportadora De Gas Sa Ord B,NYSE,4653818368.0
TGT,Target Corp.,NYSE,65114214400.0
THC,Tenet Healthcare Corp.,NYSE,13520416768.0
THG,The Hanover Insurance Group,NYSE,5639767552.0
THO,Thor Industries,NYSE,5424960000.0
THR,Thermon Group Holdings Inc.,NYSE,955477824.0
THS,Treehouse Foods,NYSE,1807360000.0
TISI,Team,NYSE,75890264.0
TJX,Tjx Companies,NYSE,139303665664.0
TK,Teekay Shipping Corp.,NYSE,594996288.0
TKC,Turkcell Iletisim Hizmetleri As,NYSE,6581228544.0
TKR,Timken Company,NYSE,5362142720.0
TLK,P.T. Telekomunikasi Indonesia Tbk.,NYSE,16880199680.0
TLYS,Tilly's Inc.,NYSE,122718240.0
TM,Toyota Motor Corp Ltd Ord,NYSE,242999934976.0
TMHC,Taylor Morrison Home Corporatio,NYSE,6855934464.0
TMO,Thermo Fisher Scientific Inc,NYSE,221643456512.0
TMUS,T-Mobile US Inc.,NYSE,258150989824.0
TNC,Tennant Company,NYSE,1612209024.0
TNK,Teekay Tankers Ltd,NYSE,1356730368.0
TOL,Toll Brothers Inc.,NYSE,13744082944.0
TPC,Tutor Perini Corp.,NYSE,1223828224.0
TPH,Tri Pointe Homes Inc. Common S,NYSE,3536769792.0
TPL,Texas Pacific Land Trust,NYSE,28553893888.0
TPX,Tempur-Pedic International Inc,NYSE,10375766016.0
TPZ,Tortoise Power And Energy,NYSE,122279928.0
TR,Tootsie Roll Industries,NYSE,2148711424.0
TRC,Tejon Ranch Company,NYSE,431847104.0
TREX,Trex Company,NYSE,7792583680.0
TRGP,Targa Resources,NYSE,43767427072.0
TRI,Thomson Reuters Corp,NYSE,74677223424.0
TRN,Trinity Industries,NYSE,3103296512.0
TRNO,Terreno Realty Corp.,NYSE,6568826880.0
TROX,Tronox Inc,NYSE,1603728256.0
TRP,Transcananda Pipelines,NYSE,46710001664.0
TRV,The Travelers Companies Inc,NYSE,56527638528.0
TS,Tenaris S.A.,NYSE,20621289472.0
TSI,Tcw Strategic,NYSE,231276560.0
TSM,Taiwan Semiconductor Manufacturing,NYSE,1015059709952.0
TSN,Tyson Foods,NYSE,20319668224.0
TTC,Toro Company,NYSE,8766075904.0
TTI,Tetra Technologies,NYSE,556897216.0
TU,Telus Corp. Non Voting Shares,NYSE,21872719872.0
TV,Grupo Televisa S.A.,NYSE,974599232.0
TW,Towers Watson & Co,NYSE,28158990336.0
TWI,Titan International,NYSE,524372736.0
TWN,Taiwan Fund,NYSE,256925552.0
TWO,Two Harbors Investments Corp,NYSE,1254164992.0
TX,Ternium S.A.,NYSE,5664467456.0
ACLS,Axcelis Technologies,NASDAQ,2215616000.0
ACNB,Acnb Corp.,NASDAQ,346689280.0
ACTG,Acacia Research Corp.,NASDAQ,417709568.0
ADBE,Adobe Systems Incorporated,NASDAQ,193604026368.0
ADI,Analog Devices,NASDAQ,103763288064.0
ADP,Automatic Data Processing,NASDAQ,122188201984.0
ADSK,Autodesk,NASDAQ,67208630272.0
ADTN,Adtran,NASDAQ,752612992.0
ADUS,Addus Homecare Corp.,NASDAQ,2411430400.0
AEIS,Advanced Energy Industries,NASDAQ,4198667008.0
AGEN,Agenus Inc.,NASDAQ,83350008.0
AGIO,Agios Pharmaceuticals Inc.,NASDAQ,1905664128.0
AGNC,American Capital Agency,NASDAQ,8692555776.0
AGYS,Agilysys,NASDAQ,2503616768.0
AIRT,Air T,NASDAQ,54510988.0
AKAM,Akamai Technologies,NASDAQ,15013687296.0
ALCO,Alico,NASDAQ,238630000.0
ALGN,Align Technology,NASDAQ,16813372416.0
ALGT,Allegiant Travel Company,NASDAQ,1882451072.0
ALKS,Alkermes,NASDAQ,5082232320.0
ALLT,Allot Communications Ltd,NASDAQ,311957056.0
ALNY,Alnylam Pharmaceuticals,NASDAQ,36211417088.0
ALOT,Astro-Med,NASDAQ,87033392.0
ALTI,Altair Nanotechnologies Inc.,NASDAQ,581676160.0
ALTR,Altera Corp.,NASDAQ,9425538048.0
ALVR,Alvarion Ltd,NASDAQ,50179572.0
AMAT,Applied Materials,NASDAQ,139768315904.0
AMBA,Ambarella Inc.,NASDAQ,3042786304.0
AMBC,Ambac Financial Group Inc.,NASDAQ,542749056.0
AMBI,Ambit Biosciences Corporation,NASDAQ,318723840.0
AMCX,Amc Networks Inc.,NASDAQ,446502496.0
AMED,Amedisys Inc,NASDAQ,3029627648.0
AMGN,Amgen Inc.,NASDAQ,151041392640.0
AMKR,Amkor Technology,NASDAQ,5830356992.0
AMRN,Amarin Corporation Plc,NASDAQ,240180240.0
AMSC,American Superconductor Corp.,NASDAQ,994615104.0
AMSF,Amerisafe,NASDAQ,972312000.0
AMWD,American Woodmark Corp.,NASDAQ,1197854720.0
AMZN,Amazon.Com,NASDAQ,2520025137152.0
ANDE,The Andersons,NASDAQ,1422763136.0
ANGI,Angie's List Inc.,NASDAQ,949783744.0
ANGO,Angiodynamics,NASDAQ,498132768.0
ANIK,Anika Therapeutics Inc.,NASDAQ,245313792.0
ANIP,Ani Pharmaceuticals Inc.,NASDAQ,1257915264.0
ANSS,Ansys,NASDAQ,30202605568.0
AOSL,Alpha And Omega Semiconductor,NASDAQ,1054979264.0
APEI,American Public Education,NASDAQ,377533408.0
APOG,Apogee Enterprises,NASDAQ,1136307968.0
ARAY,Accuray Incorporated,NASDAQ,225265600.0
ARCC,Ares Capital Corp.,NASDAQ,15717291008.0
ARLP,Alliance Resource Partners L.P.,NASDAQ,3566526720.0
AROW,Arrow Financial Corp.,NASDAQ,462498560.0
ARRY,Array Biopharma Inc.,NASDAQ,1024855552.0
ARTNA,Artesian Resources Corp.,NASDAQ,322846144.0
ARWR,Arrowhead Research Corp.,NASDAQ,2488679936.0
ASML,Asml Holding N.V.,NASDAQ,269427703808.0
ASTE,Astec Industries,NASDAQ,796694848.0
ASUR,Asure Software Inc,NASDAQ,326612960.0
ASYS,Amtech Systems,NASDAQ,72955984.0
ATAI,Ata Inc.,NASDAQ,235006704.0
ATEC,Alphatec Holdings,NASDAQ,1605522560.0
ATLC,Atlanticus Holdings Corp.,NASDAQ,843359872.0
ATLO,Ames National Corp.,NASDAQ,164556704.0
ATNI,Atlantic Tele-Network,NASDAQ,239711200.0
ATRC,Atricure,NASDAQ,2016436480.0
ATRO,Astronics Corp.,NASDAQ,606496000.0
ATSG,Air Transport Services Group Inc,NASDAQ,1467105408.0
AUBN,Auburn National Bancorporation,NASDAQ,76861400.0
AUDC,Audiocodes Ltd,NASDAQ,297794976.0
AVAV,Aerovironment,NASDAQ,4908411904.0
AVGO,Avago Technologies,NASDAQ,942628143104.0
AVNW,Aviat Networks,NASDAQ,230457664.0
AXGN,Lectec Corp,NASDAQ,799630784.0
AXTI,Axt Inc,NASDAQ,92633736.0
AZPN,Aspen Technology,NASDAQ,16682949632.0
BANC,First Pactrust Bancorp,NASDAQ,2667557376.0
BANF,Bancfirst Corp.,NASDAQ,3933165824.0
BANR,Banner Corp.,NASDAQ,2450436352.0
BBSI,Barrett Business Services,NASDAQ,1133446912.0
BCBP,Bcb Bancorp Inc. [Nj],NASDAQ,192812880.0
BCOV,Brightcove Inc.,NASDAQ,200369312.0
BCPC,Balchem Corp.,NASDAQ,5254382080.0
BCRX,Biocryst Pharmaceuticals,NASDAQ,1656028288.0
CHRW,C.H. Robinson Worldwide,NASDAQ,12902076416.0
CHTR,Charter Communications,NASDAQ,51767017472.0
CHW,Calamos Global Dynamic,NASDAQ,433639264.0
CHY,Calamos Convertible And High,NASDAQ,847253760.0
CIEN,Ciena Corp.,NASDAQ,11369266176.0
CINF,Cincinnati Financial Corp.,NASDAQ,21815322624.0
CITZ,Cfs Bancorp,NASDAQ,99634144.0
CIZN,Citizens Holding Company,NASDAQ,54961336.0
CLDX,Celldex Therapeutics Inc,NASDAQ,1630740480.0
CLFD,Clearfield,NASDAQ,531583968.0
CLIR,Clearsign Combustion Corporatio,NASDAQ,60281284.0
CLMT,Calumet Specialty Products,NASDAQ,1350282240.0
CLNE,Clean Energy Fuels,NASDAQ,686012928.0
CMCO,Columbus Mckinnon Corp.,NASDAQ,1052489024.0
CMCSA,Comcast Corp.,NASDAQ,144243720192.0
CME,Cme Group Inc.,NASDAQ,84784160768.0
CMRX,Chimerix Inc.,NASDAQ,366191744.0
CMTL,Comtech Telecommunications,NASDAQ,64467692.0
CNMD,Conmed Corp.,NASDAQ,2237118976.0
CNOB,Connectone Bancorp Inc.,NASDAQ,911870144.0
CNTY,Century Casinos,NASDAQ,91566080.0
COCO,Corinthian Colleges,NASDAQ,2169995264.0
COHR,Coherent,NASDAQ,12254028800.0
COHU,Cohu,NASDAQ,1012449536.0
COKE,Coca-Cola Bottling Co. Consolidated,NASDAQ,11631132672.0
COLB,Columbia Banking System,NASDAQ,5809385472.0
COLM,Columbia Sportswear Company,NASDAQ,5142929408.0
CORT,Corcept Therapeutics Inc.,NASDAQ,6350936576.0
COST,Costco Wholesale Corp.,NASDAQ,424203223040.0
CPHC,Canterbury Park Holding Corp.,NASDAQ,101647104.0
CPRT,Copart,NASDAQ,55576293376.0
CPRX,Catalyst Pharmaceutical Partners,NASDAQ,2728966144.0
CPSS,Consumer Portfolio Services,NASDAQ,249584624.0
CRAI,Cra Internationalinc.,NASDAQ,1243059840.0
CRESY,Cresud S.A.C.I.F. Y A.,NASDAQ,859835456.0
CRMT,America's Car-Mart,NASDAQ,407266304.0
CRNT,Ceragon Networks Ltd,NASDAQ,382115136.0
CROX,Crocs,NASDAQ,5973342720.0
CRUS,Cirrus Logic,NASDAQ,5212057088.0
CRVL,Corvel,NASDAQ,5997925888.0
CSCO,Cisco Systems,NASDAQ,235958616064.0
CSGP,Costar Group,NASDAQ,31456231424.0
CSGS,Csg Systems International,NASDAQ,1633846016.0
CSIQ,Canadian Solar Inc.,NASDAQ,670682624.0
CSPI,Csp Inc.,NASDAQ,159110032.0
CSQ,Calamos Strategic Total Return Fund,NASDAQ,2916408576.0
CSTE,Caesarstone Sdot-Yam Ltd.,NASDAQ,154731584.0
CSWC,Capital Southwest Corp.,NASDAQ,1072950720.0
CTAS,Cintas Corp.,NASDAQ,81130504192.0
CTBI,Community Trust Bancorp,NASDAQ,970070400.0
CTRN,Citi Trends,NASDAQ,231599440.0
CTSH,Cognizant Technology Solutions,NASDAQ,40127234048.0
CUBI,Customers Bancorp,NASDAQ,1770136832.0
CVBF,Cvb Financial Corp.,NASDAQ,2939077632.0
CVCO,Cavco Industries,NASDAQ,3798947584.0
CVGI,Commercial Vehicle Group,NASDAQ,75551936.0
CVGW,Calavo Growers,NASDAQ,429524576.0
CVLT,Commvault Systems,NASDAQ,6741893120.0
CWBC,Community West Bancshares,NASDAQ,367158528.0
CWCO,Consolidated Water Co. Ltd,NASDAQ,414953568.0
CWST,Casella Waste Systems,NASDAQ,6724548096.0
CYTK,Cytokinetics Inc.,NASDAQ,5835792384.0
CZNC,Citizens & Northern Corp,NASDAQ,332591904.0
CZR,Caesars Entertainment Corporati,NASDAQ,7549413888.0
CZWI,Citizens Community Bancorp,NASDAQ,158535616.0
DAKT,Daktronics,NASDAQ,784065152.0
DAVE,Famous Dave's Of America,NASDAQ,1165459200.0
DCOM,Dime Community Bancshares,NASDAQ,1318911232.0
DCTH,Delcath Systems,NASDAQ,554945984.0
DECK,Deckers Outdoor Corp.,NASDAQ,32462692352.0
DELL,Dell Inc.,NASDAQ,70517047296.0
DENN,Denny's Corp.,NASDAQ,329532832.0
DGICA,Donegal Group,NASDAQ,494906816.0
DGICB,Donegal Group,NASDAQ,500827328.0
DGII,Digi International Inc.,NASDAQ,1132929024.0
DHIL,Diamond Hill Investment Group,NASDAQ,408042304.0
DIOD,Diodes Inc.,NASDAQ,2671091712.0
DJCO,Daily Journal Corp. [S.C.],NASDAQ,588024832.0
DLHC,Dlh Holdings Corp,NASDAQ,110488320.0
DLTR,Dollar Tree,NASDAQ,15878479872.0
DMLP,Dorchester Minerals L.P.,NASDAQ,1498304640.0
DMRC,Digimarc Corp.,NASDAQ,826752384.0
DORM,Dorman Products,NASDAQ,4019917824.0
FCNCA,First Citizens Bancshares,NASDAQ,28810604544.0
FDUS,Fidus Investment Corporation,NASDAQ,761215424.0
FEIM,Frequency Electronics,NASDAQ,165893456.0
FELE,Franklin Electric Co.,NASDAQ,4528991744.0
FFBC,First Financial Bancorp.,NASDAQ,2650935552.0
FFIC,Flushing Financial Corp.,NASDAQ,480513952.0
FFIN,First Financial Bankshares,NASDAQ,5412825600.0
FFIV,F5 Networks,NASDAQ,15684760576.0
FFNW,First Financial Northwest,NASDAQ,196137712.0
FIBK,First Interstate Bancsystem,NASDAQ,3450535168.0
FISI,Financial Institutions,NASDAQ,526787904.0
FITB,Fifth Third Bancorp,NASDAQ,29945221120.0
FIVE,Five Below Inc.,NASDAQ,5245165056.0
FIZZ,National Beverage,NASDAQ,4008577024.0
FLEX,Flextronics International Ltd,NASDAQ,15292223488.0
FLIC,The First Of Long Island Corp.,NASDAQ,274829632.0
FLL,Full House Resorts,NASDAQ,175869440.0
FLWS,1-800 Flowers.Com,NASDAQ,544648128.0
FLXS,Flexsteel Industries,NASDAQ,252813392.0
FMNB,Farmers Natl Banc Corp Oh,NASDAQ,513072096.0
FNLC,First Bancorp Inc [Me],NASDAQ,284967264.0
FOLD,Amicus Therapeutics,NASDAQ,2911864576.0
FONR,Fonar Corp.,NASDAQ,100149200.0
FORM,Formfactor,NASDAQ,2919887616.0
FORR,Forrester Research,NASDAQ,295387808.0
FORTY,Formula Systems Ltd,NASDAQ,1353362176.0
FOSL,Fossil,NASDAQ,89631888.0
FOX,21St Century Fox Class B,NASDAQ,22246215680.0
FOXA,21St Century Fox Class A,NASDAQ,22290288640.0
FOXF,Fox Factory Holding Corp.,NASDAQ,1194229376.0
FRME,First Merchants Corp.,NASDAQ,2407275264.0
FSBW,Fs Bancorp Inc.,NASDAQ,321153408.0
FSFG,First Savings Financial Group,NASDAQ,173903808.0
FSLR,First Solar,NASDAQ,16951563264.0
FSTR,L.B. Foster Company,NASDAQ,290300832.0
FTNT,Fortinet,NASDAQ,76599312384.0
FULT,Fulton Financial Corp.,NASDAQ,3707332096.0
FUNC,First United Corp.,NASDAQ,207966144.0
FUND,Royce Focus Trust,NASDAQ,228009024.0
FWRD,Forward Air Corp.,NASDAQ,977790080.0
GABC,German American Bancorp,NASDAQ,1221410432.0
GAIA,Gaiam,NASDAQ,134795520.0
GAIN,Gladstone Investment Corp.,NASDAQ,494380256.0
GALT,Galectin Therapeutics Inc,NASDAQ,75941784.0
GASS,Stealthgas,NASDAQ,200424336.0
GBCI,Glacier Bancorp,NASDAQ,5610563584.0
GBDC,Golub Capital Bdc,NASDAQ,4129328128.0
GBLI,Global Indemnity Plc,NASDAQ,488312256.0
GCBC,Greene County Bancorp,NASDAQ,446187296.0
GENC,Gencor Industries Inc.,NASDAQ,232177968.0
GEOS,Oyo Geospace Corp.,NASDAQ,119048904.0
GERN,Geron Corp.,NASDAQ,1780255360.0
GEVO,Gevo,NASDAQ,409385984.0
GGAL,Grupo Financiero Galicia S.A.,NASDAQ,12238413824.0
GIFI,Gulf Island Fabrication,NASDAQ,112508640.0
GIII,G-III Apparel Group,NASDAQ,1416662656.0
GILD,Gilead Sciences,NASDAQ,119654383616.0
GILT,Gilat Satellite Networks Ltd,NASDAQ,392847136.0
GLAD,Gladstone Capital Corp.,NASDAQ,675648128.0
GLDD,Great Lakes Dredge & Dock Corp.,NASDAQ,725529536.0
GLNG,Golar Lng Limited,NASDAQ,4065211648.0
GLRE,Greenlight Capital Re,NASDAQ,484868416.0
GNTX,Gentex Corp.,NASDAQ,6368096256.0
GOGO,Gogo Inc.,NASDAQ,1131238272.0
GOLD,Randgold Resources Limited,NASDAQ,27872657408.0
GOOD,Gladstone Commercial Corp.,NASDAQ,724371008.0
GOOG,Google Inc.,NASDAQ,2389355790336.0
GPOR,Gulfport Energy Corp.,NASDAQ,3143493632.0
GPRE,Green Plains Renewable Energy,NASDAQ,580244544.0
GRFS,Grifols S.A.,NASDAQ,5417046528.0
GRMN,Garmin Ltd,NASDAQ,41684787200.0
GRPN,Groupon Inc,NASDAQ,413386304.0
GRVY,Gravity Co.,NASDAQ,417142464.0
GSBC,Great Southern Bancorp,NASDAQ,698134400.0
GSIT,Gsi Technology,NASDAQ,73398240.0
GSM,Globe Specialty Metals Inc.,NASDAQ,724296640.0
GT,Goodyear Tire & Rubber Company,NASDAQ,2585648896.0
GTLS,Chart Industries,NASDAQ,8668605440.0
HAFC,Hanmi Financial Corp.,NASDAQ,688477888.0
HAIN,The Hain Celestial Group,NASDAQ,482989376.0
HALO,Halozyme Therapeutics,NASDAQ,7129801216.0
HAS,Hasbro,NASDAQ,8206843392.0
HBAN,Huntington Bancshares Inc.,NASDAQ,24923965440.0
HBCP,Home Bancorp,NASDAQ,397181632.0
HBIO,Harvard Bioscience,NASDAQ,76110968.0
HBNC,Horizon Bancorp [In],NASDAQ,740652416.0
HCKT,The Hackett Group,NASDAQ,862848768.0
HCSG,Healthcare Services Group,NASDAQ,827456576.0
HDSN,Hudson Technologies,NASDAQ,261247344.0
HEES,H&E Equipment Services,NASDAQ,3233310976.0
HELE,Helen Of Troy Limited,NASDAQ,1489963136.0
HFWA,Heritage Financial Corp.,NASDAQ,855718336.0
HIFS,Hingham Institution For Savings,NASDAQ,560760320.0
HIMX,Himax Technologies,NASDAQ,1604364928.0
HLIT,Harmonic Inc.,NASDAQ,1340071936.0
HMST,Homestreet Inc.,NASDAQ,193384688.0
HNRG,Hallador Energy Company,NASDAQ,403797024.0
HOFT,Hooker Furniture Corp.,NASDAQ,144590400.0
HOLX,Hologic,NASDAQ,16328801280.0
HOMB,Home Bancshares,NASDAQ,6030102016.0
HOVNP,Hovnanian Enterprises Inc,NASDAQ,2526752000.0
HRZN,Horizon Technology Finance Corp.,NASDAQ,368651776.0
HSIC,Henry Schein,NASDAQ,9523134464.0
HSII,Heidrick & Struggles International,NASDAQ,935970496.0
HSTM,Healthstream,NASDAQ,983161664.0
HTBI,Hometrust Bancshares Inc.,NASDAQ,645194688.0
HTBK,Heritage Commerce Corp,NASDAQ,597223744.0
HTCO,Hickory Tech Corp.,NASDAQ,295769824.0
KLAC,Kla-Tencor Corp.,NASDAQ,92544532480.0
KLIC,Kulicke And Soffa Industries,NASDAQ,2284374528.0
KMDA,Kamada Ltd.,NASDAQ,396214144.0
KNDI,Kandi Technolgies,NASDAQ,98113472.0
KOPN,Kopin Corp.,NASDAQ,274389088.0
KOSS,Koss Corp.,NASDAQ,56993124.0
KRNY,Kearny Financial,NASDAQ,461744864.0
KTOS,Kratos Defense & Security Solutions,NASDAQ,5070043648.0
KVHI,Kvh Industries,NASDAQ,115230768.0
LAKE,Lakeland Industries,NASDAQ,180067168.0
LAMR,Lamar Advertising Company,NASDAQ,13011748864.0
LANC,Lancaster Colony Corp.,NASDAQ,4769968640.0
LAND,Gladstone Land Corporation,NASDAQ,388623680.0
LARK,Landmark Bancorp Inc.,NASDAQ,136291328.0
LBAI,Lakeland Bancorp,NASDAQ,875024960.0
LBTYA,Liberty Global,NASDAQ,4314963968.0
LBTYB,Liberty Global,NASDAQ,4313488384.0
LBTYK,Liberty Global,NASDAQ,4318595584.0
LCNB,Lcnb Corporation,NASDAQ,210442416.0
LCUT,Lifetime Brands,NASDAQ,136263712.0
LECO,Lincoln Electric Holdings,NASDAQ,11025600512.0
LFUS,Littelfuse,NASDAQ,5545340928.0
LFVN,Lifevantage Corp,NASDAQ,277370560.0
LGCY,Legacy Reserves Lp,NASDAQ,102613736.0
LGND,Ligand Pharmaceuticals Inc.,NASDAQ,2208872192.0
LINC,Lincoln Educational Services Corp.,NASDAQ,496269600.0
LINE,Linn Energy Llc,NASDAQ,15001568256.0
LION,Fidelity Southern Corp.,NASDAQ,2104484480.0
LKFN,Lakeland Financial Corp.,NASDAQ,1771004032.0
LKQ,Lkq Corp.,NASDAQ,10000661504.0
LMAT,Lemaitre Vascular,NASDAQ,2243678464.0
LMNR,Limoneira Co,NASDAQ,412656352.0
LOAN,Manhattan Bridge Capital Inc,NASDAQ,63599172.0
LOGI,Logitech International S.A.,NASDAQ,13852896256.0
LOPE,Grand Canyon Education,NASDAQ,5006665728.0
LPLA,Lpl Investment Holdings Inc.,NASDAQ,26710675456.0
LPSN,Liveperson,NASDAQ,114469992.0
LPTH,Lightpath Technologies,NASDAQ,115841344.0
LQDT,Liquidity Services,NASDAQ,1138270336.0
LRCX,Lam Research Corp.,NASDAQ,95215067136.0
LSBK,Lake Shore Bancorp,NASDAQ,76852080.0
LSCC,Lattice Semiconductor Corp.,NASDAQ,7562191360.0
LSTR,Landstar System,NASDAQ,6226417152.0
LTBR,Lightbridge Corp.,NASDAQ,109185784.0
LTRX,Lantronix,NASDAQ,142550976.0
LULU,Lululemon Athletica Inc.,NASDAQ,50252341248.0
LWAY,Lifeway Foods,NASDAQ,342927904.0
LXRX,Lexicon Pharmaceuticals,NASDAQ,343489696.0
LYTS,Lsi Industries Inc.,NASDAQ,627797888.0
MAG,Magnetek,NASDAQ,1485554688.0
MANH,Manhattan Associates,NASDAQ,18179061760.0
MASI,Masimo Corp.,NASDAQ,9199612928.0
MAT,Mattel,NASDAQ,6267261440.0
MATW,Matthews International Corp.,NASDAQ,887445056.0
MAYS,J. W. Mays,NASDAQ,85650496.0
MBWM,Mercantile Bank Corp.,NASDAQ,788509440.0
MCBI,Metrocorp Bancshares,NASDAQ,136728528.0
MCBK,Madison County Financial Inc.,NASDAQ,67236864.0
MCHP,Microchip Technology Inc.,NASDAQ,29949046784.0
MCHX,Marchex,NASDAQ,82996368.0
MCRI,Monarch Casino & Resort,NASDAQ,1572451968.0
MDLZ,Mondelez International Inc. Cl A,NASDAQ,77022142464.0
MDRX,Allscripts Healthcare Solutions,NASDAQ,807299968.0
MDXG,Mimedx Group Inc,NASDAQ,1332065408.0
MELI,Mercadolibre,NASDAQ,95057625088.0
MEOH,Methanex Corp.,NASDAQ,3355223808.0
MERC,Mercer International Inc.,NASDAQ,422957792.0
MGEE,Mge Energy Inc.,NASDAQ,3187110912.0
MGIC,Magic Software Enterprises Ltd,NASDAQ,625272000.0
MGPI,Mgp Ingredients,NASDAQ,807661952.0
MGRC,Mcgrath Rentcorp,NASDAQ,3018569984.0
MGYR,Magyar Bancorp,NASDAQ,95343184.0
MHLD,Maiden Hldgs Ltd,NASDAQ,100237408.0
MIDD,The Middleby Corp.,NASDAQ,9248396288.0
MIND,Mitcham Industries,NASDAQ,68775296.0
MITK,Mitek Systems Inc,NASDAQ,463772160.0
MKSI,Mks Instruments,NASDAQ,7181465088.0
MKTX,Marketaxess Holdings,NASDAQ,8404310528.0
MLAB,Mesa Laboratories,NASDAQ,784188416.0
MLNK,Moduslink Global Solutions Inc,NASDAQ,1599623808.0
MMLP,Martin Midstream Partners L.P.,NASDAQ,137868896.0
MMSI,Merit Medical Systems,NASDAQ,6290824192.0
MMYT,Makemytrip Limited,NASDAQ,11476610048.0
MNKD,Mannkind Corp.,NASDAQ,1690519040.0
MNOV,Medicinova,NASDAQ,97597032.0
MNRO,Monro Muffler Brake,NASDAQ,652896896.0
MNST,Monster Beverage Corp,NASDAQ,47361724416.0
MOFG,Midwestone Financial Group,NASDAQ,658646784.0
MORN,Morningstar,NASDAQ,14289872896.0
ORLY,O'Reilly Automotive,NASDAQ,74218586112.0
ORMP,Oramed Pharmaceuticl,NASDAQ,90299104.0
ORRF,Orrstown Financial Services Inc,NASDAQ,702742528.0
OSBC,Old Second Bancorp,NASDAQ,840031872.0
OSIS,Osi Systems,NASDAQ,3270319616.0
OSUR,Orasure Technologies,NASDAQ,293901152.0
OTEX,Open Text Corp.,NASDAQ,7798260224.0
OTTR,Otter Tail Corp.,NASDAQ,3234559232.0
OVBC,Ohio Valley Banc,NASDAQ,107552128.0
OVLY,Oak Valley Bancorp [Ca],NASDAQ,217242864.0
OXLC,Oxford Lane Capital,NASDAQ,1870283392.0
OXLCO,Oxford Lane Capital Corp.,NASDAQ,425208128.0
PAAS,Pan American Silver,NASDAQ,7859058176.0
PACB,Pacific Biosciences Of California,NASDAQ,473847168.0
PAMT,Parametric Sound,NASDAQ,350698272.0
PATH,Nupathe Inc.,NASDAQ,8279708160.0
PATK,Patrick Industries,NASDAQ,3225561600.0
PAYX,Paychex,NASDAQ,53606182912.0
PBHC,Pathfinder Bancorp,NASDAQ,100712160.0
PCAR,Paccar Inc.,NASDAQ,56417411072.0
PCH,Potlatch Corp.,NASDAQ,3331674880.0
PCRX,Pacira Pharmaceuticals,NASDAQ,1160332416.0
PCYO,Pure Cycle Corp.,NASDAQ,270383584.0
PDCO,Patterson Companies Inc.,NASDAQ,2733017600.0
PDEX,Pro-Dex,NASDAQ,132189376.0
PDFS,Pdf Solutions,NASDAQ,1001504000.0
PEBK,Peoples Bancorp Of North Carolina,NASDAQ,150219280.0
PEBO,Peoples Bancorp Inc.,NASDAQ,1164352384.0
PEGA,Pegasystems Inc.,NASDAQ,9527246848.0
PENN,Penn National Gaming,NASDAQ,3093789696.0
PERF,Perfumania Holdings Inc,NASDAQ,222540064.0
PERI,Perion Network Ltd,NASDAQ,415185440.0
PESI,Perma-Fix Environmental Services,NASDAQ,184323312.0
PETS,Petmed Express,NASDAQ,92819096.0
PFBC,Preferred Bank,NASDAQ,1149065472.0
PFBX,Peoples Financial Corp.,NASDAQ,90203704.0
PFLT,Pennantpark Floating Rate Capit,NASDAQ,935087936.0
PGC,Peapack-Gladstone Financial Corp.,NASDAQ,571786048.0
PKBK,Parke Bancorp,NASDAQ,235909312.0
PKOH,Park-Ohio Holdings,NASDAQ,350275200.0
PLAB,Photronics,NASDAQ,1411746176.0
PLBC,Plumas Bancorp,NASDAQ,285941312.0
PLCE,The Children's Place Retail Stores,NASDAQ,128105704.0
PLPC,Preformed Line Products Company,NASDAQ,706723712.0
PLUG,Plug Power,NASDAQ,1755967616.0
PLUS,Eplus Inc.,NASDAQ,2103365376.0
PLXS,Plexus,NASDAQ,3870048256.0
PNFP,Pinnacle Financial Partners,NASDAQ,9523939328.0
PNNT,Pennantpark Investment Corp.,NASDAQ,455766784.0
PNRG,Primeenergy Corp.,NASDAQ,358648352.0
PODD,Insulet Corp.,NASDAQ,19496046592.0
POOL,Pool Corp.,NASDAQ,13394013184.0
POWI,Power Integrations,NASDAQ,3301558784.0
POWL,Powell Industries,NASDAQ,2783394048.0
PPBI,Pacific Premier Bancorp Inc,NASDAQ,2481927168.0
PPC,Pilgrim's Pride Corp.,NASDAQ,11126996992.0
PRAA,Portfolio Recovery Associates,NASDAQ,859699200.0
PRGS,Progress Software Corp.,NASDAQ,2420896768.0
PRIM,Primoris Services Corp.,NASDAQ,3791876352.0
PRKR,Parkervision,NASDAQ,84446056.0
PROV,Provident Financial Holdings,NASDAQ,106855400.0
PRTA,Prothena Corporation Plc,NASDAQ,863629568.0
PRTS,U.S. Auto Parts Network,NASDAQ,69429608.0
PSEC,Prospect Capital Corp.,NASDAQ,1910581760.0
PSMT,Pricesmart,NASDAQ,2810659840.0
PTCT,Ptc Therapeutics Inc.,NASDAQ,3522303232.0
PTEN,Patterson-Uti Energy,NASDAQ,3219086848.0
PWOD,Penns Woods Bancorp,NASDAQ,230807696.0
PXLW,Pixelworks,NASDAQ,50097640.0
PZZA,Papa John's International,NASDAQ,1294892160.0
QCOM,Qualcomm Inc.,NASDAQ,188999565312.0
QCRH,Qcr Holdings,NASDAQ,1321016448.0
QDEL,Quidel Corp.,NASDAQ,3052445440.0
QGEN,Qiagen N.V.,NASDAQ,10114915328.0
QLYS,Qualys Inc.,NASDAQ,5437531136.0
QNST,Quinstreet,NASDAQ,1344685696.0
QQQX,Nasdaq Premium Income And Growth,NASDAQ,1330530304.0
QUIK,Quicklogic Corp.,NASDAQ,119854312.0
RAIL,Freightcar America,NASDAQ,228468144.0
RAND,Rand Capital Corp.,NASDAQ,65531608.0
RBCAA,Republic Bancorp,NASDAQ,1281629824.0
SKYW,Skywest,NASDAQ,4555629568.0
SLAB,Silicon Laboratories,NASDAQ,4240953600.0
SLGN,Silgan Holdings,NASDAQ,5663338496.0
SLM,Slm Corp.,NASDAQ,5954319872.0
SLMBP,Slm Corp Pfd B,NASDAQ,4895173632.0
SLP,Simulations Plus,NASDAQ,678219008.0
SLRC,Solar Capital Ltd,NASDAQ,911607296.0
SMBC,Southern Missouri Bancorp,NASDAQ,646521920.0
SMCI,Super Micro Computer,NASDAQ,16331407360.0
SMPL,Kaiser Federal Financial Group,NASDAQ,3931155200.0
SMRT,Stein Mart,NASDAQ,287852128.0
SMTC,Semtech Corp.,NASDAQ,5047497728.0
SNCR,Synchronoss Technologies,NASDAQ,106767112.0
SNFCA,Security National Financial Corp.,NASDAQ,307813344.0
SNPS,Synopsys,NASDAQ,78983176192.0
SOHU,Sohu.Com Inc.,NASDAQ,421172640.0
SPNS,Sapiens International Corporation N.V.,NASDAQ,1494971904.0
SPSC,Sps Commerce,NASDAQ,7332541440.0
SPTN,Spartan Stores,NASDAQ,621685760.0
SRCE,1St Source Corp.,NASDAQ,1495003904.0
SRCL,Stericycle,NASDAQ,5754061824.0
SRDX,Surmodics,NASDAQ,538244288.0
SRPT,Sarepta Therapeutics Inc,NASDAQ,11201821696.0
SSNC,SS&C Technologies Holdings,NASDAQ,20038952960.0
SSYS,Stratasys,NASDAQ,677465088.0
STAA,Staar Surgical Company,NASDAQ,1226723584.0
STBA,S&T Bancorp,NASDAQ,1447747072.0
STEL,Stellarone Corp.,NASDAQ,1525189632.0
STEM,Stemcells,NASDAQ,109728744.0
STKL,Sunopta,NASDAQ,875134976.0
STLD,Steel Dynamics,NASDAQ,19059550208.0
STRA,Strayer Education,NASDAQ,2418120192.0
STRL,Sterling Construction Company Inc,NASDAQ,4243322112.0
STRS,Stratus Properties,NASDAQ,157923488.0
STRT,Strattec Security Corp.,NASDAQ,158097024.0
STX,Seagate Technology.,NASDAQ,21001334784.0
STXS,Stereotaxis,NASDAQ,191488672.0
SUNS,Solar Senior Capital Ltd.,NASDAQ,81442704.0
SUPN,Supernus Pharmaceuticals Inc.,NASDAQ,2173983744.0
SVA,Sinovac Biotech,NASDAQ,642436736.0
SWKS,Skyworks Solutions,NASDAQ,14310770688.0
SYBT,S.Y. Bancorp,NASDAQ,2189960704.0
SYNA,Synaptics Inc.,NASDAQ,3169020160.0
TATT,Tat Technologies Ltd,NASDAQ,324946400.0
TAYD,Taylor Devices,NASDAQ,105847088.0
TBBK,The Bancorp,NASDAQ,2650165760.0
TBNK,Territorial Bancorp Inc.,NASDAQ,73700392.0
TCBI,Texas Capital Bancshares,NASDAQ,3565781760.0
TCBK,Trico Bancshares,NASDAQ,1446411392.0
TCPC,Tcp Capital Corp.,NASDAQ,795132800.0
TECH,Techne Corp.,NASDAQ,11848576000.0
TFSL,Tfs Financial Corp.,NASDAQ,3602651136.0
TGTX,Tg Therapeutics,NASDAQ,5139279360.0
THFF,First Financial Corporation Indiana,NASDAQ,563905408.0
THRD,Tf Financial Corp.,NASDAQ,234303664.0
THRM,Amerigon Incorporated,NASDAQ,1242754688.0
TIGR,Tigerlogic Corp.,NASDAQ,1269958272.0
TILE,Interface,NASDAQ,1415028352.0
TIPT,Tiptree Financial Inc.,NASDAQ,753900224.0
TITN,Titan Machinery Inc.,NASDAQ,404697472.0
TNXP,Tonix Pharm Hldg Cor,NASDAQ,93615200.0
TOWN,Towne Bank,NASDAQ,2712950016.0
TRAK,Dealertrack Holdings,NASDAQ,379463584.0
TREE,Tree.Com,NASDAQ,631354496.0
TRIP,Tripadvisor Inc.,NASDAQ,2408643328.0
TRMB,Trimble Navigation Limited,NASDAQ,18313961472.0
TRMK,Trustmark Corp.,NASDAQ,2191902720.0
TRNS,Transcat,NASDAQ,739486016.0
TROW,T. Rowe Price Group,NASDAQ,25504964608.0
TRS,Trimas Corp.,NASDAQ,1018958208.0
TRST,Trustco Bank Corp NY,NASDAQ,611835328.0
TSBK,Timberland Bancorp,NASDAQ,236248832.0
TSCO,Tractor Supply Company,NASDAQ,30849228800.0
TSEM,Tower Semiconductor Ltd,NASDAQ,5444798464.0
TSLA,Tesla Motors,NASDAQ,1251602333696.0
TTEC,Teletech Holdings,NASDAQ,183756256.0
TTEK,Tetra Tech,NASDAQ,10388764672.0
TTGT,Techtarget,NASDAQ,1260452096.0
TTMI,Ttm Technologies,NASDAQ,2436549376.0
WLDN,Willdan Group,NASDAQ,530389984.0
WLFC,Willis Lease Finance Corp.,NASDAQ,1242601344.0
WOOF,Vca Antech,NASDAQ,1021309120.0
WPRT,Westport Innovations Inc,NASDAQ,73721120.0
WRLD,World Acceptance Corp.,NASDAQ,856542208.0
WSBC,Wesbanco,NASDAQ,2302041344.0
WSBF,Waterstone Financial,NASDAQ,259987008.0
WSFS,Wsfs Financial Corp.,NASDAQ,3251747584.0
WTBA,West Bancorporation,NASDAQ,370317184.0
WTFC,Wintrust Financial Corp.,NASDAQ,8690590720.0
WWD,Woodward,NASDAQ,10931248128.0
WYNN,Wynn Resorts Limited,NASDAQ,9245621248.0
XOMA,Xoma Ltd,NASDAQ,319075520.0
XRAY,Dentsply International Inc.,NASDAQ,3896088064.0
YORW,The York Water Company,NASDAQ,449984320.0
YY,Yy Inc.,NASDAQ,2383530240.0
Z,Zillow Inc. Cl A,NASDAQ,19622019072.0
ZBRA,Zebra Technologies Corporation,NASDAQ,20507951104.0
ZEUS,Olympic Steel,NASDAQ,398098176.0
ZION,Zions Bancorporation,NASDAQ,8427908096.0
ZUMZ,Zumiez Inc.,NASDAQ,305230976.0
AAPL,
MSFT,
NVDA